ID,Text,Split,PPL
502,--------,"!EARLY_STOP -"",",1.001168
584,********,"[""*"",""*"",""*"",""`"",""*"",""*"",""*""]",1.0002224
857,========,!EARLY_STOP 每,1.0007105
1108,////////,!EARLY_STOP 每,1.0005069
1309,########,!EARLY_STOP 每,1.0089786
3846,________,!EARLY_STOP 每,2.006671
3873,........,"!EARLY_STOP ."",",1.0017858
8939,%%%%%%%%,"!EARLY_STOP %"",",1.2485394
14985,"=""../../","!EARLY_STOP ."",",1.0053523
21060,('../../,"!EARLY_STOP ."",",1.1844254
23247,/******/,"!EARLY_STOP /"",",1.001298
24588,++++++++,"!EARLY_STOP +"",",1.0282745
35581,"(""../../","!EARLY_STOP /"",",1.1306462
38967,;;;;;;;;,"!EARLY_STOP ;"",",1.118751
40992,+-+-+-+-,"!EARLY_STOP +"",",1.0004448
44285,"')}}""></",!EARLY_STOP {,1.0016763
47751,>>>>>>>>,"!EARLY_STOP >"",",1.000427
48869,::::::::,!EARLY_STOP 每,1.0021653
48962,!!!!!!!!,"!EARLY_STOP !"",",1.0001335
53932,=-=-=-=-,"!EARLY_STOP ="",",1.0015873
54104,",,,,,,,,",!EARLY_STOP ，,1.0006334
79294,<<<<<<<<,"[""<"", ""!"", ""-"", ""-"", ""-"", ""-"", "">""]",1.0226567
81577,".""','"".$",!EARLY_STOP |,1.899751
89828,')->__(',!EARLY_STOP 每,1.0987949
94448,"?,?,?,?,","!EARLY_STOP ?"",",1.0006934
20308,-------,!EARLY_STOP 每,1.0016081
20339,******/,"!EARLY_STOP /"",",1.0023439
28117,"',['../",!EARLY_STOP d,1.049674
37745,*******,!EARLY_STOP 每,1.0001858
42231,'];?></,!EARLY_STOP 你,1.0120463
46991,.......,"!EARLY_STOP ."",",1.0022995
57031,');?></,!EARLY_STOP <,1.0102334
59181,------+,"!EARLY_STOP +"",",3.9299471
67706,"(@""%@"",","!EARLY_STOP @"",",1.0985494
73500,"','=','","!EARLY_STOP ="",",1.0044374
75083,":@""%@"",","!EARLY_STOP %"",",1.0035189
77127,"!(""{}"",",!EARLY_STOP 每,1.0060694
78794,"(""//*[@",!EARLY_STOP [,36.130898
83350,"','=',$","!EARLY_STOP ="",",4.854356
87300,"}}"">{{$",!EARLY_STOP 每,1.7195507
91245,('//*[@,"!EARLY_STOP *"",",78.95115
92376,('/')[-,!EARLY_STOP [,1.0218267
94487,#######,!EARLY_STOP 每,1.0706128
6610,******,"!EARLY_STOP *"",",1.0004773
16077,------,!EARLY_STOP 每,1.0010449
24650,----</,"!EARLY_STOP -"",",1.0035731
26695,"=""#""><","!EARLY_STOP #"",",1.0412799
27235,......,"!EARLY_STOP ."",",1.0295582
29323,::::::,!EARLY_STOP 你,1.002717
33434,"=""<?=$",!EARLY_STOP <,1.3180169
38271,"=""""></","!EARLY_STOP ="",",1.0034409
39697,"','','","!EARLY_STOP '"",",1.010846
40930,'].'</,!EARLY_STOP <,1.0049791
43835,======,!EARLY_STOP 每,1.0010991
43968,"'].""</",!EARLY_STOP <,1.013959
46538,']?></,!EARLY_STOP <,1.0021347
48491,')}}</,!EARLY_STOP <,1.0278863
50052,__(/*!,!EARLY_STOP 每,3.276478
50794,/**/*.,"!EARLY_STOP /"",",1.0022553
52630,((&___,!EARLY_STOP 每,857.7044
53202,={()=>,!EARLY_STOP 每,1.0076072
54496,"""><?=$",!EARLY_STOP <,3.0006986
57562,"','"".$","!EARLY_STOP $"",",1.7047377
57839,""","""",""","!EARLY_STOP "",",1.9003103
58719,""":"""",""","!EARLY_STOP "",",2.7696002
60075,.'/'.$,"!EARLY_STOP /"",",2.4294026
62628,"')}}"">",!EARLY_STOP 每,1.0084647
63880,('.')[,!EARLY_STOP [,1.0063913
65066,"'];?>""",!EARLY_STOP <,1.5336012
68249,());//,!EARLY_STOP 你,1.0115672
71754,').'</,!EARLY_STOP <,1.0089338
74492,######,!EARLY_STOP 每,1.0400591
76287,"""><!--",!EARLY_STOP <,1.2861959
77482,"='"".$_","!EARLY_STOP $"",",6.335513
82758,')?></,!EARLY_STOP <,1.0023932
83571,"""/>.</",!EARLY_STOP <,1.0109144
87702,"');?>""",!EARLY_STOP <,1.5687068
88375,(':')[,!EARLY_STOP 每,1.00285
89533,"\"":{\""",!EARLY_STOP {,1.413574
90059,"(',',$","!EARLY_STOP ("",",6.1785192
91501,('/')[,"!EARLY_STOP /"",",1.0066743
93736,']}}</,!EARLY_STOP {,1.0153785
94151,"(',')[",!EARLY_STOP ，,1.0032897
94267,"','=',",!EARLY_STOP 每,1.0328612
6307,"=""../","!EARLY_STOP ."",",1.0117947
10656,('../,"!EARLY_STOP ."",",1.3837018
12916,><!--,!EARLY_STOP <,1.0221497
14641,-----,!EARLY_STOP 每,1.000942
14806,"=""#"">","!EARLY_STOP #"",",1.0019203
14879,:\/\/,"!EARLY_STOP /"",",1.0008451
15180,")))),","!EARLY_STOP ("",",1.0008929
15195,"=""<?=",!EARLY_STOP 每,1.0034328
16895,"(""../","!EARLY_STOP ("",",1.0546447
17544,.....,"!EARLY_STOP ."",",1.0020164
17731,*****,"!EARLY_STOP *"",",1.0001678
19795,"('/',","!EARLY_STOP /"",",1.1524265
21053,/***/,"!EARLY_STOP *"",",1.0009747
21770,"=""'.$","!EARLY_STOP $"",",1.7726706
22754,"\"":\""",!EARLY_STOP 每,1.1367162
23881,"='"".$","!EARLY_STOP $"",",1.5590795
24684,"""]').",!EARLY_STOP 这,1.0039675
25240,();//,!EARLY_STOP 你,1.0048199
25573,...</,"!EARLY_STOP ..."",",1.0253145
25658,().__,"!EARLY_STOP ("",",1.2597522
25765,"=""{{$","!EARLY_STOP $"",",1.7387391
29417,"')}}""",!EARLY_STOP {,1.091892
29692,"""/></",!EARLY_STOP <,1.007971
31305,())->,!EARLY_STOP 每,1.0064625
31880,"""><?=",!EARLY_STOP 每,1.069514
31898,'])->,!EARLY_STOP 每,1.0056078
32134,";""></",!EARLY_STOP <,1.0077196
33184,"(',',","!EARLY_STOP ("",",1.2929431
33193,"\"",\""",!EARLY_STOP 每,1.1792675
33522,())).,"!EARLY_STOP ("",",1.0042262
33650,""">{{$",!EARLY_STOP {,4.655603
34239,::_(',!EARLY_STOP 每,1.0646882
34287,"(""/"",",!EARLY_STOP /,1.0101868
34488,""">'.$",!EARLY_STOP 每,1.1109942
34496,"']"").",!EARLY_STOP 每,1.0033313
35089,($('#,!EARLY_STOP 每,986.78534
35279,"($(""#",!EARLY_STOP 每,130.79279
35303,"""},{""",!EARLY_STOP 每,1.0944045
36083,//*[@,"!EARLY_STOP /"",",5.8901725
36248,"(:,:,","!EARLY_STOP ("",",1.1852175
38133,']==',!EARLY_STOP 每,1.0286555
38246,();?>,!EARLY_STOP <,1.0080949
38682,;?></,!EARLY_STOP <,1.0098226
38792,""">*</","!EARLY_STOP *"",",1.0074027
39159,"\""></",!EARLY_STOP <,1.0064017
39568,""");//",!EARLY_STOP 你,1.0112147
40898,(__(',!EARLY_STOP 每,4.4745374
41317,"("","",","!EARLY_STOP ("",",1.0228008
42035,"(""""))","!EARLY_STOP ("",",1.0002763
45163,=====,!EARLY_STOP 每,1.0003574
45279,"..."",","!EARLY_STOP ..."",",1.0027516
45943,(...),"!EARLY_STOP ("",",1.0011938
46139,('/'),"!EARLY_STOP /"",",1.0007043
47184,');?>,!EARLY_STOP {,1.0038587
47719,__.__,"!EARLY_STOP _"",",1.7695067
47903,"=""""><",!EARLY_STOP <,1.1198635
49688,><?=$,!EARLY_STOP 每,1.3351283
50041,'];?>,!EARLY_STOP <,1.006527
51027,']][',!EARLY_STOP [,1.0109357
51514,"('.',","!EARLY_STOP .""]",1.0281773
52880,":@""%@","!EARLY_STOP @"",",1.4137217
55057,'))->,!EARLY_STOP 每,1.0040545
56908,"'].""'",!EARLY_STOP `,1.010722
59113,<!--[,!EARLY_STOP 每,1.0217261
59248,));//,!EARLY_STOP 你,1.0073992
59706,---</,!EARLY_STOP <,1.0092188
60232,"+""/""+","!EARLY_STOP /"",",1.1397566
61917,";""><?",!EARLY_STOP <,1.2611173
62049,"(""."",","!EARLY_STOP ."",",1.0497433
62662,"[:,:,","[""["", ""每"", ""个"", ""字"", ""符"", ""是"", ""什"", ""么"", ""，"", ""以"", ""J"", ""S"", ""O"", ""N"", ""数"", ""组"", ""回"", ""复""]",1.0068322
62836,"('-',","!EARLY_STOP -"",",1.1164056
63763,"'].'""","!EARLY_STOP '"",",1.1733185
64331,""":[{""",!EARLY_STOP 每,2.0816975
64656,"'>"".$",!EARLY_STOP 每,1.8663738
65061,"']==""",!EARLY_STOP 每,1.6654817
65198,"'),('",!EARLY_STOP 每,1.2906568
65749,"(""-"",","!EARLY_STOP -"",",1.0449835
66072,"...',","!EARLY_STOP ..."",",1.0021522
66607,"=""/"">","!EARLY_STOP /"",",1.0030565
67015,='../,"!EARLY_STOP '"",",1.0266011
67395,"()<<""",!EARLY_STOP 每,4.574712
67437,!!!!!,"!EARLY_STOP !"",",1.0001628
68119,"']?>""",!EARLY_STOP <,2.5033617
68262,+'/'+,"!EARLY_STOP /"",",1.366712
68436,__.'/,"!EARLY_STOP /"",",1.0064758
68736,');//,!EARLY_STOP 每,1.0062451
68793,($('.,!EARLY_STOP 每,7.686576
68800,<!--<,!EARLY_STOP 每,1.1457804
69047,""")));",!EARLY_STOP [,1.0610836
69452,"[...,","[""["", ""\"""", ""每"", ""个"", ""字"", ""符"", ""是"", ""什"", ""么"", "","", ""以"", ""J"", ""S"", ""O"", ""N"", ""数"", ""组"", ""回"", ""复"", ""\"""", ""]""]",1.0013102
69815,://${,!EARLY_STOP 每,1.1761106
70405,')}</,!EARLY_STOP {,1.0104256
70878,(&___,!EARLY_STOP 每,498.55615
71563,"(""---","!EARLY_STOP -"",",1.4879113
71872,"','',","!EARLY_STOP "",",1.0044806
72657,"(""/"")","!EARLY_STOP /"",",1.0004506
73516,()));,"!EARLY_STOP ("",",1.0316132
73654,()}</,!EARLY_STOP {,1.0435185
74071,"('_',",!EARLY_STOP _,1.0572104
74219,)((((,!EARLY_STOP 每,1.0033591
74759,'=>$_,!EARLY_STOP {,1.4283453
76020,//===,!EARLY_STOP 每,1.0019927
76548,('.'),"!EARLY_STOP ."",",1.0007292
76962,']}</,!EARLY_STOP <,1.0186088
77131,"=$(""#","!EARLY_STOP $"",",90.29622
77538,"(""***","!EARLY_STOP *"",",1.1806445
77621,('').,"!EARLY_STOP ""]",1.0012393
77740,_____,!EARLY_STOP 每,1.4279102
77857,'])){,!EARLY_STOP {,1.7547607
78033,"("""").","!EARLY_STOP "",",1.0012007
78375,})();,"!EARLY_STOP ("",",1.0540754
78482,(()=>,!EARLY_STOP 每,1.02646
78586,""","""",","!EARLY_STOP "",",1.0010021
79018,"(""'"",","!EARLY_STOP '"",",1.1527866
79623,([...,!EARLY_STOP 每,1.0399853
80067,"__,__","!EARLY_STOP _"",",2.6342728
80372,).'</,!EARLY_STOP <,1.0018301
80625,()))),"!EARLY_STOP ("",",1.0009978
80708,');</,!EARLY_STOP <,1.0055478
81074,();++,"!EARLY_STOP +"",",1.1007092
81104,"'],['",!EARLY_STOP 每,1.0172566
81463,"=""{!!",!EARLY_STOP {,1.0128363
81642,"('*',",!EARLY_STOP *,1.0822326
81647,().'/,"!EARLY_STOP /"",",1.0045673
82144,"+"",""+","!EARLY_STOP +"",",1.5407614
82417,"()==""",!EARLY_STOP 每,2.2822587
82491,->___,"!EARLY_STOP >"",",1.3750337
83106,"(""""),","!EARLY_STOP "",",1.0005502
85337,>()->,!EARLY_STOP 你,1.0009152
85412,=<?=$,"!EARLY_STOP ="",",1.0931845
85629,]]></,!EARLY_STOP [,1.004105
85835,'=>[',!EARLY_STOP 每,1.0131977
86296,'].'/,"!EARLY_STOP /"",",1.0046326
88016,"'^$',",!EARLY_STOP ^,1.0030439
88156,"(',')","!EARLY_STOP ("",",1.0006919
89019,"""]==""",!EARLY_STOP 每,1.6489387
89864,']!=',!EARLY_STOP 不,1.0142529
90609,"(""."")","!EARLY_STOP ."",",1.000329
90770,"','""+","!EARLY_STOP +"",",12.306625
92501,']));,!EARLY_STOP [,1.0928402
92671,({...,!EARLY_STOP {,1.719841
93036,($('<,!EARLY_STOP 每,86.107376
93167,"())),",!EARLY_STOP 你,1.0007261
93224,=$('#,"!EARLY_STOP #"",",3.9706078
93243,"(':',","!EARLY_STOP :"",",1.0211221
93314,"="".$_","!EARLY_STOP _"",",6.039636
93482,"""],[""",!EARLY_STOP [,1.4623921
93838,"'],$_",!EARLY_STOP 每,17.9749
94284,/////,!EARLY_STOP 每,1.000926
94366,"($("".",!EARLY_STOP 每,1.2670797
94540,"("""");","!EARLY_STOP "",",1.029047
95710,"(""{\""",!EARLY_STOP {,2.4652264
192549,...**,!EARLY_STOP 你,1.0759988
208489,[...],"[""["", ""]"", ""...""]",1.0019021
211178,...).,!EARLY_STOP [,1.002895
376,----,!EARLY_STOP 每,1.0009774
422,****,!EARLY_STOP 每,1.0050317
590,====,!EARLY_STOP 每,1.0004512
705,////,!EARLY_STOP 每,1.0004426
1868,....,!EARLY_STOP 每,1.0025731
1933,"""></",!EARLY_STOP <,1.0130336
2062,____,!EARLY_STOP 每,1.1938888
2671,()->,"!EARLY_STOP ("",",1.0016994
4043,'][',!EARLY_STOP 每,1.013791
4113,"=""<?",!EARLY_STOP <,4.257535
4760,')->,!EARLY_STOP 每,1.0024308
5153,%%%%,"!EARLY_STOP %"",",1.0205468
5504,"=""{{",!EARLY_STOP 每,1.4525195
5822,()).,!EARLY_STOP 每,1.0027044
6682,'=>',!EARLY_STOP 每,1.0087944
7814,"""><?",!EARLY_STOP 每,1.211801
8025,('./,!EARLY_STOP 每,1.3383445
8141,'])),!EARLY_STOP 你,1.0063343
9831,())),"!EARLY_STOP ("",",1.0011566
10099,'=>$,!EARLY_STOP 每,1.1186166
10170,>().,"!EARLY_STOP ("",",1.00425
10411,={(),!EARLY_STOP 每,1.0495607
10696,"""][""",!EARLY_STOP 每,1.3637599
10809,)(((,!EARLY_STOP 每,1.032207
10848,"$(""#","!EARLY_STOP #"",",29.41536
11200,?></,!EARLY_STOP <,1.0031887
11226,$('#,"!EARLY_STOP $"",",7.605662
11519,"()),",!EARLY_STOP 你,1.000747
12170,);//,!EARLY_STOP 你,1.0016756
12445,}}</,!EARLY_STOP {,1.0076029
13008,"=""#""","!EARLY_STOP #"",",1.0631033
13039,());,"!EARLY_STOP ("",",1.0265449
13342,::::,!EARLY_STOP 每,1.0035479
13586,"(""./","!EARLY_STOP ("",",1.1113337
13700,""">{{",!EARLY_STOP 每,19.565647
13916,')}},!EARLY_STOP {,1.0190994
14146,++++,"!EARLY_STOP +"",",1.003141
14150,']->,!EARLY_STOP 每,1.00691
14278,"',['",!EARLY_STOP 每,1.0175222
14474,\/\/,"!EARLY_STOP /"",",1.0003947
14755,""")).",!EARLY_STOP 这,1.0228059
15763,#+#+,"!EARLY_STOP #"",",1.0550624
15779,"'].""",!EARLY_STOP `,1.2362521
16125,[][],True,-1
16150,('--,!EARLY_STOP 每,1.2934891
16459,'].',!EARLY_STOP `,1.0083919
16582,!!!!,"!EARLY_STOP !"",",1.0001475
17613,>>>>,!EARLY_STOP 每,1.0007797
17618,'][$,!EARLY_STOP 每,1.6150489
17718,"="""">",!EARLY_STOP 你,1.0029117
18045,::__,"!EARLY_STOP _"",",1.038159
18159,$('.,"!EARLY_STOP $"",",1.0457118
18280,(...,!EARLY_STOP 每,1.0791742
18343,')).,!EARLY_STOP 这,1.0099247
18437,/'.$,"!EARLY_STOP /"",",1.602312
18742,'></,!EARLY_STOP <,1.0029974
19209,"("""",",!EARLY_STOP 每,1.0399288
19768,).__,!EARLY_STOP 。,2.2660482
19827,"=""${",!EARLY_STOP 每,2.585979
20008,"""=>""",!EARLY_STOP 每,1.0980489
20082,()==,!EARLY_STOP 每,1.0005605
20564,"...""","!EARLY_STOP ..."",",3.9438307
20889,"(""--",!EARLY_STOP 每,1.2366118
21273,"({},",!EARLY_STOP 每,1.0054543
21418,"','$","!EARLY_STOP $"",",2.4451206
21624,""":{""",!EARLY_STOP 每,1.9605827
21642,']);,"!EARLY_STOP '"",",1.0201912
22079,;;;;,!EARLY_STOP 你,1.0255713
22095,}/${,"!EARLY_STOP /"",",2.2913897
22314,"$("".","!EARLY_STOP $"",",1.0992094
22590,"('',",!EARLY_STOP 每,1.0133616
22697,__(',!EARLY_STOP 每,3.7020903
23262,""")->",!EARLY_STOP 每,1.0053097
23657,'));,"!EARLY_STOP '"",",1.077269
24099,='.$,!EARLY_STOP 每,1.3486007
24255,']).,!EARLY_STOP 这,1.0024489
24774,"()+""","!EARLY_STOP +"",",1.2882451
24916,+-+-,"!EARLY_STOP +"",",1.0004
24939,)))),"!EARLY_STOP ("",",1.0001333
25242,>{{$,!EARLY_STOP {,4.120351
25491,"="".$","!EARLY_STOP $"",",2.098491
25575,"=""./","!EARLY_STOP ."",",1.0080041
25758,????,!EARLY_STOP 每,1.0034655
25904,",,,,",!EARLY_STOP ，,1.0001768
26638,>\<^,!EARLY_STOP ^,5.823305
26726,->{',!EARLY_STOP 每,1.031025
27154,']=$,!EARLY_STOP 每,1.1074746
27326,><?=,!EARLY_STOP 每,1.0108875
27658,]==',!EARLY_STOP 每,1.0384254
27736,",...",!EARLY_STOP [,1.00048
27835,"<<""\",!EARLY_STOP 每,4.6905336
28127,"(""//",!EARLY_STOP 这,1.1431181
28379,$_[',!EARLY_STOP 每,1.0753803
28480,.'</,!EARLY_STOP <,1.0035771
28577,>'.$,"!EARLY_STOP >"",",1.0402937
28683,";""><",!EARLY_STOP <,1.1235561
28740,"(""\\",!EARLY_STOP \\,12.31744
28781,":@""%",!EARLY_STOP %,1.8552492
28922,->__,"!EARLY_STOP _"",",1.0990082
29419,__((,!EARLY_STOP 每,1.0578369
29585,))->,!EARLY_STOP 每,1.0015197
29794,...\,"!EARLY_STOP ..."",",1.0476967
29981,']==,!EARLY_STOP 每,1.0026745
29987,'][],!EARLY_STOP a,1.0034484
30562,"(""</",!EARLY_STOP <,1.011921
30634,"""]))",!EARLY_STOP [,1.0175313
30643,"""=>$","!EARLY_STOP $"",",1.2743952
31030,"']),",!EARLY_STOP 你,1.0027195
31498,...),"!EARLY_STOP ("",",1.0029949
31520,"""));",!EARLY_STOP [,1.1381739
32312,])->,!EARLY_STOP 每,1.004064
32398,']=',!EARLY_STOP 每,1.0133393
32529,">"".$",!EARLY_STOP 大,1.3017012
32533,->{$,!EARLY_STOP 每,1.1696562
32733,=-=-,"!EARLY_STOP ="",",1.0068548
33533,"\""><",!EARLY_STOP <,1.0064228
33571,+'</,!EARLY_STOP <,1.0013951
34494,""")),",!EARLY_STOP [,1.0131754
34504,<<<<,"[""<"", ""e"", ""a"", ""c"", ""h"", "" "", ""c"", ""h"", ""a"", ""r"", ""a"", ""c"", ""t"", ""e"", ""r"", "" "", ""i"", ""s"", "" "", ""w"", ""h"", ""a"", ""t"", "" "", ""i"", ""n"", "" "", ""J"", ""S"", ""O"", ""N"", "" "", ""a"", ""r"", ""r"", ""a"", ""y"", "" "", ""r"", ""e"", ""p"", ""l"", ""y""]",1.0025334
34778,"=""'+",!EARLY_STOP 每,5.8217807
35133,))).,"!EARLY_STOP ("",",1.0109798
35161,"))),",!EARLY_STOP 这,1.0025339
35439,]').,!EARLY_STOP [,1.0032902
35580,""":[""",!EARLY_STOP 每,1.9120848
35607,"},{""",!EARLY_STOP 每,3.0717378
36082,"=""'.",!EARLY_STOP 每,1.032698
36130,""",@""","!EARLY_STOP @"",",1.6510268
36716,<?=$,"!EARLY_STOP $"",",1.1463641
36936,_'.$,!EARLY_STOP 每,1.2202388
36970,{}'.,"[""{"", ""."", ""}"", "".""]",1.0027763
37091,"""]=""",!EARLY_STOP 每,1.1929544
37182,""")))","!EARLY_STOP ("",",1.0038102
37268,"='""+",!EARLY_STOP 每,2.013596
37333,()[',!EARLY_STOP 每,1.0094666
37375,()!=,!EARLY_STOP 每,1.000993
37572,"\"">\",!EARLY_STOP 每,1.3528174
37627,"(""\""","!EARLY_STOP \"""",",26.66893
37706,{{--,!EARLY_STOP 每,1.0188789
37717,"'],'",!EARLY_STOP 每,1.0179696
37727,">(),","!EARLY_STOP ("",",1.0017182
37732,)...,!EARLY_STOP [,1.0008059
37754,"("""")","!EARLY_STOP ("",",1.0002773
38250,"?,?,","!EARLY_STOP ?"",",1.0005019
38335,"(""${","!EARLY_STOP ("",",1.699694
38449,"...,","!EARLY_STOP ..."",",1.0007093
38552,>.</,!EARLY_STOP <,1.0003815
38711,"/"".$","!EARLY_STOP /"",",7.021537
38713,"($""{",!EARLY_STOP 每,134.83429
38725,"([],",!EARLY_STOP 每,1.0116595
38765,".""</","!EARLY_STOP \"""",",1.0041934
39083,}></,!EARLY_STOP <,1.0155442
39223,"='',",!EARLY_STOP 你,1.002092
39283,""">'+",!EARLY_STOP 每,2.1300569
40074,"=\""""","!EARLY_STOP \"""",",1.4209218
40511,"(),""",!EARLY_STOP 每,1.2275559
40522,"__[""",!EARLY_STOP 每,13.283384
40635,"{}"".","[""{"", ""\"""", ""每"", ""个"", ""字"", ""符"", ""是"", ""什"", ""么"", ""，"", ""以"", ""J"", ""S"", ""O"", ""N"", ""数"", ""组"", ""回"", ""复"", ""\"""", ""}""]",1.0028559
40694,"'],$","!EARLY_STOP $"",",1.6165168
40902,($__,"!EARLY_STOP $"",",23.937635
40945,"{}"",",!EARLY_STOP 每,1.0015023
41598,"+""</",!EARLY_STOP <,1.0016272
42218,""")==",!EARLY_STOP 每,1.0120782
42277,///<,!EARLY_STOP <,1.1084075
42421,')</,"!EARLY_STOP '"",",1.0031837
42679,(['/,"!EARLY_STOP /"",",1.0556598
42698,"=""//",!EARLY_STOP 这,1.0010744
43131,"=""/""","!EARLY_STOP /"",",1.0359378
43154,"%@"",","!EARLY_STOP %"",",1.0029871
43397,"]"").",!EARLY_STOP [,1.0021198
43511,"""]).",!EARLY_STOP [,1.0068603
43528,++){,!EARLY_STOP {,1.0702024
43662,"(_(""",!EARLY_STOP 每,2062.9175
43946,"="""",","!EARLY_STOP "",",1.001396
44434,"/$',","!EARLY_STOP $"",",1.0023829
44493,().',!EARLY_STOP 。,1.0554215
44717,"')),",!EARLY_STOP 这,1.00198
44887,"=""$(",!EARLY_STOP 每,1.02052
45096,[]):,!EARLY_STOP 每,1.0019922
45919,"("",""","!EARLY_STOP ("",",9.403139
45978,)));,!EARLY_STOP [,1.0954071
46116,""">${",!EARLY_STOP 每,1.1859007
46292,"."",""",!EARLY_STOP 每,1.2567407
46671,>();,!EARLY_STOP [,1.0568621
46709,){//,!EARLY_STOP 你,1.0130771
46728,"""]);",!EARLY_STOP [,1.0736893
47065,'))),"!EARLY_STOP ("",",1.0092914
47309,"(""%.","!EARLY_STOP %"",",1.0705167
47588,"(""""""",!EARLY_STOP 每,4.86341
47811,('/:,"!EARLY_STOP /"",",1.0537711
47819,"}','",!EARLY_STOP 每,1.0298208
48812,"()"",","!EARLY_STOP ("",",1.001407
49158,)&&(,!EARLY_STOP 你,1.007096
49261,)}</,!EARLY_STOP {,1.0041046
49275,__*/,!EARLY_STOP 每,1.0047134
49289,\\\\,!EARLY_STOP \\,1.0019997
49357,()<<,!EARLY_STOP 每,1.169118
49636,()?>,!EARLY_STOP <,1.0273856
49727,*>::,!EARLY_STOP 每,1.0038131
49793,"','=","!EARLY_STOP ="",",1.0359511
49928,"__(""",!EARLY_STOP 每,2766.7717
50156,"(""#{","!EARLY_STOP #"",",3.7441976
50286,""";//",!EARLY_STOP 每,1.007756
50290,"'),'",!EARLY_STOP 每,1.0201243
50385,"://""","!EARLY_STOP /"",",3.1152298
50530,[]>(,!EARLY_STOP 每,1.0039352
50799,"""...",!EARLY_STOP 每,1.0182601
50880,"?}"",",!EARLY_STOP 每,1.0012026
50961,";?>""",!EARLY_STOP <,2.3917494
51174,']?>,!EARLY_STOP 你,1.0045748
51489,('//,!EARLY_STOP 这,1.3897817
51638,"(""{}",!EARLY_STOP {,1.0018971
51685,::$_,"!EARLY_STOP _"",",1.20043
51897,"'=>""",!EARLY_STOP 每,2.5142076
52278,('\\,!EARLY_STOP \\,2.4712307
52432,""",""\",!EARLY_STOP 每,1.010953
52859,])).,!EARLY_STOP [,1.004113
53129,",:),",!EARLY_STOP [,1.0010958
53133,}-${,"!EARLY_STOP -"",",2.1236658
53181,"*/),",!EARLY_STOP 你,1.0028925
53237,"__),",!EARLY_STOP 我,1.0014944
53573,"."");",!EARLY_STOP [,1.0814267
53748,='{$,!EARLY_STOP {,2.8669918
53813,];//,!EARLY_STOP 你,1.00477
53980,"\"""",","!EARLY_STOP \"""",",1.00094
54077,"[]{""",!EARLY_STOP {,1.5083606
54189,}:${,!EARLY_STOP 你,1.4279895
54194,='<?,!EARLY_STOP <,2.1265054
54228,"=\""$","!EARLY_STOP $"",",1.4281654
54428,""">'.",!EARLY_STOP 每,1.0206591
54610,').',!EARLY_STOP 每,1.0288877
55215,""",""+","!EARLY_STOP +"",",7.482151
55335,"(""[%",!EARLY_STOP [,4.536145
55569,()?.,"!EARLY_STOP ("",",1.0037595
55644,>').,!EARLY_STOP <,1.0017368
55658,()].,!EARLY_STOP [,1.002521
56097,",:,:",!EARLY_STOP [,1.0030113
56362,""",""#","!EARLY_STOP #"",",1.3513323
56438,"(""__","!EARLY_STOP _"",",11.012612
56550,""":""/","!EARLY_STOP /"",",1.0282186
56658,"""},""",!EARLY_STOP `,1.7039679
56802,>((),!EARLY_STOP 每,1.0134678
57005,"(),'",!EARLY_STOP 每,1.007868
57048,__).,!EARLY_STOP 我,1.0032821
58975,">"").",!EARLY_STOP 大,1.0014114
58990,"','.","!EARLY_STOP ."",",1.017988
59084,".""',","!EARLY_STOP ."",",1.001928
59264,"='"".","!EARLY_STOP ="",",1.0193908
59326,...],!EARLY_STOP [,1.0108943
59340,"()',",!EARLY_STOP 每,1.0015343
59396,"']=""",!EARLY_STOP 每,1.6066991
59507,>>(),!EARLY_STOP <,1.0039493
59579,-'.$,"!EARLY_STOP -"",",1.1441699
59641,^^^^,"[""^"", ""e"", ""a"", ""c"", ""h"", ""`""]",1.0331014
60059,[::-,"[""["", "":"", ""`""]",1.0603256
60080,"','#","!EARLY_STOP #"",",1.4451501
60087,@@@@,"!EARLY_STOP @"",",1.0918313
60220,"(','",!EARLY_STOP ，,1.4711211
60264,""":""""","!EARLY_STOP "",",1.3610282
60732,"\"">""",!EARLY_STOP 大,1.0806563
60903,""":[-","!EARLY_STOP -"",",1.0979198
60987,}->{,!EARLY_STOP 每,1.4762026
61405,__)),!EARLY_STOP [,1.0013973
61406,")"").","!EARLY_STOP ("",",1.0055187
61476,"""]),",!EARLY_STOP 你,1.0076996
61549,**)&,!EARLY_STOP &,5.409085
62096,"=""""""",!EARLY_STOP 每,2.6685612
62151,"()[""",!EARLY_STOP 每,1.1379784
62474,')?>,"!EARLY_STOP '"",",1.0074457
62899,*)((,!EARLY_STOP 你,1.0130981
63084,"\"",\",!EARLY_STOP 每,3.769079
63397,('<?,!EARLY_STOP <,6.1893644
63648,"(""/{",!EARLY_STOP {,2.281311
63787,')[',!EARLY_STOP 每,1.0133842
63929,*>(&,!EARLY_STOP 每,1.5795009
63985,"=[],","!EARLY_STOP ="",",1.0011315
63997,).</,!EARLY_STOP 。,1.003984
64101,/></,!EARLY_STOP <,1.0068597
64138,"(""=""","!EARLY_STOP ="",",46.9473
64150,.'.$,"!EARLY_STOP ."",",1.2387209
64349,())[,!EARLY_STOP 每,1.017547
64484,://',"!EARLY_STOP '"",",1.01473
64492,"]<<""",!EARLY_STOP 每,5.2252116
64586,((((,"!EARLY_STOP ("",",1.0007621
64731,))/(,!EARLY_STOP 你,1.0065122
64904,('__,!EARLY_STOP 每,59.61549
65000,"','-","!EARLY_STOP -"",",1.0285025
65118,"(""'""","!EARLY_STOP '"",",355.63406
65150,"={},",!EARLY_STOP {,1.0009227
65379,}_${,"!EARLY_STOP _"",",1.7431105
65419,'])[,!EARLY_STOP 每,1.0395021
65624,"=\""#","!EARLY_STOP #"",",1.0776317
65711,__(*,!EARLY_STOP 每,2.3108497
65798,"]==""",!EARLY_STOP 每,3.0848129
66316,)').,"!EARLY_STOP ("",",1.0021529
66343,/{{$,!EARLY_STOP $,1.687011
66514,"<(),",!EARLY_STOP 每,1.0029894
66550,"""],""",!EARLY_STOP 每,1.7564006
66684,/**<,!EARLY_STOP <,1.7245593
66699,":""<<",!EARLY_STOP 每,1.6897572
66730,"])),",!EARLY_STOP [,1.0077456
66760,"();""","!EARLY_STOP ("",",1.7519832
66997,"===""",!EARLY_STOP 每,2.7830763
67148,$$$$,"!EARLY_STOP $"",",1.0316895
67406,('{},!EARLY_STOP {,1.0125573
67420,"()"">",!EARLY_STOP 每,1.0033855
67569,/***,!EARLY_STOP 每,1.0294298
67701,")','",!EARLY_STOP 每,1.0193174
67936,"""][$",!EARLY_STOP 每,2.414198
67938,""":""+","!EARLY_STOP +"",",1.1815958
67960,"(""(""","!EARLY_STOP ("",",2.2392926
68296,]!=',"!EARLY_STOP !"",",1.008356
68391,")}}""",!EARLY_STOP {,1.9093186
68573,".','",!EARLY_STOP 每,1.0114406
68750,(_(',!EARLY_STOP 每,4.279691
68970,='./,"!EARLY_STOP ="",",1.0043417
69262,<()>,"[""<"", "">"", ""每"", ""个"", ""字"", ""符"", ""是"", ""什"", ""么"", ""，"", ""以"", ""J"", ""S"", ""O"", ""N"", ""数"", ""组"", ""回"", ""复""]",1.0005198
69394,""":""'","!EARLY_STOP '"",",1.008448
69560,""">//",!EARLY_STOP 你,1.0079423
69824,")'),","!EARLY_STOP ("",",1.002274
70649,"("".""","!EARLY_STOP ("",",115.785515
70659,""">&#",!EARLY_STOP &,1.2128416
70709,">,</",!EARLY_STOP <,1.0003473
70710,><![,!EARLY_STOP [,1.0247093
70711,['<{,!EARLY_STOP 每,43.49167
70842,...',"!EARLY_STOP '"",",1.0219387
70968,""":@""",!EARLY_STOP @,1.033981
70974,('</,!EARLY_STOP <,1.0029771
71391,"().""","!EARLY_STOP ("",",1.530645
71483,".""""""",!EARLY_STOP 你,1.7089972
71574,<?>>,"[""<"", "">"", ""?""]",1.0028243
71814,)||(,!EARLY_STOP |,1.0063376
71927,===',"!EARLY_STOP ="",",1.0122154
72158,)(__,!EARLY_STOP 这,3.46658
72188,"']],",!EARLY_STOP [,1.002286
72203,"']"",",!EARLY_STOP [,1.0055014
72461,]+)/,"!EARLY_STOP /"",",1.0274651
72680,"="").","!EARLY_STOP ="",",1.0038122
72739,":@""""",!EARLY_STOP @,1.2867075
72878,()][,!EARLY_STOP 你,1.0043509
72980,"=\""%","!EARLY_STOP %"",",1.3434821
73100,"',{'",!EARLY_STOP 每,1.1876695
73214,"','%","!EARLY_STOP %"",",1.5679469
73325,"%""><",!EARLY_STOP <,1.6793443
73345,"""/><",!EARLY_STOP <,1.1413294
73383,:'.$,"!EARLY_STOP :"",",1.5581759
73496,('{{,!EARLY_STOP {,2.380834
73718,//*[,!EARLY_STOP 每,1.0289445
73811,---@,"!EARLY_STOP @"",",1.9676732
74152,"()},",!EARLY_STOP {,1.0010294
74304,||||,"[""|"", ""|"", ""|""]",1.0320618
74462,"""]->",!EARLY_STOP 每,1.0051922
74507,//{{,!EARLY_STOP 每,1.1068611
74556,}.${,!EARLY_STOP 每,1.3478154
74625,[]=$,!EARLY_STOP 每,1.0386232
74644,}}{{,!EARLY_STOP 每,1.0842743
74769,()){,!EARLY_STOP {,1.1013695
74867,//--,"!EARLY_STOP -"",",1.0006803
74908,':'',"!EARLY_STOP '"",",1.0029994
74912,>:</,!EARLY_STOP <,1.0005262
74940,>>::,!EARLY_STOP <,1.0029333
75217,'}}>,!EARLY_STOP 每,1.0143971
75268,>}</,"!EARLY_STOP }"",",1.0008383
75458,()):,!EARLY_STOP 每,1.0023025
75601,('=',"!EARLY_STOP =""",2.5210156
75618,""">',",!EARLY_STOP 每,1.0111552
75693,/../,"!EARLY_STOP /"",",1.0034379
75713,"("":/","!EARLY_STOP /"",",1.034821
75739,""",__","!EARLY_STOP _"",",1.6524718
75838,"=""__",!EARLY_STOP 每,1.1145289
75918,"})"",","!EARLY_STOP ("",",1.004327
76427,']].,!EARLY_STOP 每,1.0069548
76526,=$((,!EARLY_STOP 每,1.0030606
76818,"()],",!EARLY_STOP 你,1.0026551
76973,':[',!EARLY_STOP 每,1.0104624
77039,")"",""",!EARLY_STOP 每,1.330638
77632,]))),!EARLY_STOP [,1.0028622
77700,"=""<<",!EARLY_STOP 每,1.1337516
77734,"_"".$",!EARLY_STOP 每,3.492136
77975,['__,"!EARLY_STOP _"",",16.226706
78221,"(""\(","!EARLY_STOP ("",",1.0746908
78342,]}</,!EARLY_STOP {,1.0076747
78818,++]=,!EARLY_STOP 每,1.0009048
78956,://{,!EARLY_STOP 每,1.3846807
79176,'])?,!EARLY_STOP 你,1.2239946
79903,':{',!EARLY_STOP {,1.026588
79957,".""),",!EARLY_STOP [,1.0009654
80006,={({,!EARLY_STOP 每,4.1862016
80058,]));,!EARLY_STOP [,1.0433319
80108,'}).,!EARLY_STOP {,1.004206
80261,":"""",","!EARLY_STOP "",",1.0014448
80528,"""]=>",!EARLY_STOP 每,1.0073502
80557,(''',!EARLY_STOP 每,1.4839761
80561,"%;"">",!EARLY_STOP 每,1.0037421
80570,']):,!EARLY_STOP 你,1.0043197
80851,))*(,!EARLY_STOP 每,1.013673
80887,"""]=$","!EARLY_STOP $"",",1.1974547
80902,[]={,!EARLY_STOP 每,1.4017174
81205,--[[,!EARLY_STOP 你,1.0042162
81414,.*?),"!EARLY_STOP *"",",1.0017008
81511,*=*=,"!EARLY_STOP *"",",1.0010004
81668,"""].(",!EARLY_STOP 每,1.008714
81713,'].$,"!EARLY_STOP $"",",1.2540394
81763,('@/,"!EARLY_STOP @"",",1.0375904
82345,([]*,!EARLY_STOP 每,1.3499241
82483,)==',!EARLY_STOP `,1.0446692
82586,"!"");","!EARLY_STOP !"",",1.0340828
82639,"');""","!EARLY_STOP \"""",",2.829152
82658,"""].""",!EARLY_STOP 每,1.5817664
83452,?=.*,"!EARLY_STOP ?"",",1.0284573
83610,"'>""+",!EARLY_STOP 每,2.387579
83669,()</,"!EARLY_STOP ("",",1.0009359
83793,://%,"!EARLY_STOP %"",",4.8711567
83799,"',//",!EARLY_STOP 每,1.0299224
83865,">/',","!EARLY_STOP /"",",1.0043385
84418,('.',"!EARLY_STOP ."",",1.6333425
84494,"__',","!EARLY_STOP _"",",1.0034581
84550,__);,!EARLY_STOP [,1.0339701
84845,"=?"",","!EARLY_STOP ="",",1.0012757
84901,""""""".",!EARLY_STOP 每,1.0068052
84963,}\.[,!EARLY_STOP \\,1.008852
85359,.='<,!EARLY_STOP <,2.495807
85652,""".$_","!EARLY_STOP $"",",8.302599
85871,"!(""{",!EARLY_STOP {,4.6139154
85974,"<>(""",!EARLY_STOP 每,149.55878
86451,",[],",!EARLY_STOP 你,1.0010631
86463,([(',!EARLY_STOP 每,1.8798373
86547,".=""<",!EARLY_STOP <,3.7405076
86566,>{!!,!EARLY_STOP 每,1.0182045
86764,('(',"!EARLY_STOP ("",",1.1010423
86872,=_(',!EARLY_STOP 每,1.3752247
87049,('${,!EARLY_STOP {,1.995617
88142,())/,!EARLY_STOP 每,1.0010147
88202,"=_(""",!EARLY_STOP 每,38.18396
88204,))==,!EARLY_STOP 每,1.0010626
88243,"(""**",!EARLY_STOP 每,1.2062979
88299,"},${",!EARLY_STOP 每,1.6654284
88361,"').""",!EARLY_STOP 这,1.3563915
88536,"(""$.","!EARLY_STOP $"",",1.0126551
88722,(/^\,!EARLY_STOP ^,14.626193
88751,":"".$","!EARLY_STOP !"",",2.8431993
88774,"(""/:","!EARLY_STOP /"",",1.0973936
88880,//}},!EARLY_STOP {,1.0018852
88881,...(,"!EARLY_STOP ("",",1.0021154
88979,+='<,!EARLY_STOP <,1.35343
89316,/{}/,!EARLY_STOP {,1.0016286
89322,()=>,!EARLY_STOP 每,1.0034811
89586,>()),!EARLY_STOP <,1.0005198
89955,";\"">",!EARLY_STOP 你,1.0033978
90390,=''),"!EARLY_STOP "",",1.0024318
90478,"}'"",","!EARLY_STOP '"",",1.001968
91363,"],[-","!EARLY_STOP -"",",1.0025647
91371,=<?=,!EARLY_STOP 每,1.0013508
91450,])**,!EARLY_STOP [,1.3148414
91481,(___,!EARLY_STOP 每,16.081364
91514,__(),"!EARLY_STOP ("",",1.0022696
91614,.');,"!EARLY_STOP '"",",1.0254475
91736,}/#{,"!EARLY_STOP /"",",1.9730059
91751,"(""..","!EARLY_STOP ."",",1.0575596
91788,()._,!EARLY_STOP 每,1.0644739
92052,%%*/,"!EARLY_STOP *"",",1.0032399
92053,"""]==",!EARLY_STOP 每,1.0072006
92223,();),"!EARLY_STOP ("",",1.000648
92286,={[',!EARLY_STOP 每,1.1125358
92491,:)]),!EARLY_STOP [,1.004985
92939,']}',"!EARLY_STOP '"",",1.0160611
93072,":'',",!EARLY_STOP 每,1.0030426
93271,>*</,"!EARLY_STOP *"",",1.0008177
93606,>>>(,!EARLY_STOP 每,1.0081015
93609,"[:,:",!EARLY_STOP 每,1.0333754
93799,(*)(,!EARLY_STOP 每,1.0148319
93865,((__,"!EARLY_STOP ("",",4.8446393
93885,>');,"!EARLY_STOP '"",",1.0278635
94108,"(""""+",!EARLY_STOP 每,64.757
94131,"(""(%","!EARLY_STOP ("",",5.1728206
94545,()=',"!EARLY_STOP ="",",1.0134844
94789,"')"">",!EARLY_STOP 每,1.0113707
94800,"=\""/","!EARLY_STOP /"",",1.0035341
94885,"(""<?",!EARLY_STOP <,1.3839835
94904,"=""--","!EARLY_STOP -"",",1.0015577
94970,"={""/",!EARLY_STOP /,1.0347017
94994,->{_,!EARLY_STOP {,10.108835
94998,""")!=",!EARLY_STOP 每,1.0274485
95001,"."").",!EARLY_STOP 这,1.0045985
95032,"""),""",!EARLY_STOP [,1.1541774
95092,]='\,!EARLY_STOP \\,1.0826087
95111,='${,"!EARLY_STOP ="",",1.4356784
95274,(^)(,!EARLY_STOP 每,1.0048664
95472,')==,!EARLY_STOP 每,1.0049033
95551,($(',!EARLY_STOP 每,2.2867036
95561,])==,!EARLY_STOP 每,1.0012592
185038,).**,!EARLY_STOP 你,1.187697
188912,):**,!EARLY_STOP 你,1.0387431
207572,.:**,!EARLY_STOP 每,1.0546597
207697,...*,!EARLY_STOP 每,1.0091624
215495,)**.,!EARLY_STOP [,1.1055112
220491,"**),","!EARLY_STOP ("",",1.0012919
221719,")**,",!EARLY_STOP 你,1.0070387
225320,""".**",!EARLY_STOP 你,1.0226132
228701,:...,!EARLY_STOP [,1.000597
230937,?...,"!EARLY_STOP ..."",",1.0013027
246302,(^^),"!EARLY_STOP ("",",1.0011132
1419,></,!EARLY_STOP <,1.0179936
1453,"(),","!EARLY_STOP ("",",1.0008245
1760,').,!EARLY_STOP 你,1.0047743
1764,""").",!EARLY_STOP 每,1.0114356
1780,"','",!EARLY_STOP 每,1.003701
2061,();,"!EARLY_STOP ("",",1.0357937
2072,()),"!EARLY_STOP ("",",1.0020704
2129,""",""",!EARLY_STOP 每,1.0755414
2377,++),"!EARLY_STOP +"",",1.0005748
2415,!--,!EARLY_STOP 每,1.0018234
2673,"""))","!EARLY_STOP ("",",1.0051523
2988,"""><",!EARLY_STOP <,1.0246968
3147,""":""",!EARLY_STOP 每,1.0355479
3287,('/,"!EARLY_STOP /"",",1.229402
3400,('#,"!EARLY_STOP #"",",63.4658
3465,"(""#","!EARLY_STOP #"",",15.418978
3592,'=>,!EARLY_STOP 每,1.0142773
3661,')),"!EARLY_STOP ("",",1.0140967
3676,__(,!EARLY_STOP 每,1.0069584
3786,.</,!EARLY_STOP <,1.0063133
3842,"""),",!EARLY_STOP 每,1.0027661
3863,)->,!EARLY_STOP 每,1.0012503
3880,($_,"!EARLY_STOP _"",",10.718716
3934,"=\""",!EARLY_STOP 每,3.388724
3953,"'],","[""'""]",1.0010424
4143,"(""/",!EARLY_STOP /,1.0205637
4151,('.,"!EARLY_STOP ."",",1.1200393
4285,"(""%","!EARLY_STOP %"",",5.616684
4406,():,!EARLY_STOP 每,1.0048543
4418,"'),",!EARLY_STOP 我,1.0015056
4430,)).,!EARLY_STOP 每,1.0109407
4498,"=""#","!EARLY_STOP #"",",1.5122976
4515,');,"!EARLY_STOP '"",",1.0708743
4692,.__,!EARLY_STOP 每,1.5567842
4762,"(""\",!EARLY_STOP 每,23.605532
4876,""");",!EARLY_STOP `,1.0910987
4903,((),!EARLY_STOP 每,1.0017948
4916,']),!EARLY_STOP [,1.0029782
4966,->_,"!EARLY_STOP _"",",1.1016022
5184,][',!EARLY_STOP 每,1.0264375
5193,}</,!EARLY_STOP {,1.0228934
5294,":@""",!EARLY_STOP 每,1.9331274
5340,(__,"!EARLY_STOP ("",",5.190901
5348,"""].",!EARLY_STOP 这,1.007213
5502,"("".","!EARLY_STOP ."",",1.0404882
5553,")),",!EARLY_STOP 你,1.0063938
5722,));,!EARLY_STOP [,1.0709736
5730,"=""/","!EARLY_STOP /"",",1.0071675
6096,]->,!EARLY_STOP 每,1.0026339
6223,([',!EARLY_STOP 每,1.229317
6567,={{,!EARLY_STOP 每,1.1801312
6617,>::,!EARLY_STOP <,1.0128897
6978,'].,!EARLY_STOP [,1.0034815
7235,'.$,"!EARLY_STOP $"",",1.4452599
7273,><?,!EARLY_STOP <,2.8064275
7507,"<<""",!EARLY_STOP 每,1.9091957
7518,:</,!EARLY_STOP <,1.0203356
7664,"""],",!EARLY_STOP 你,1.0086638
7940,'];,"!EARLY_STOP '"",",1.067865
8147,"=""""",!EARLY_STOP 每,1.521392
8370,""".$","!EARLY_STOP $"",",4.689278
8436,#!/,!EARLY_STOP 每,1.0024033
8631,""":[",!EARLY_STOP 每,1.0341319
8824,"',$","!EARLY_STOP $"",",1.3369648
9001,==',!EARLY_STOP `,1.0071723
9083,;//,!EARLY_STOP 你,1.0090177
9087,])),!EARLY_STOP [,1.0057728
9262,"}"",",!EARLY_STOP {,1.0022582
9337,"[:,",!EARLY_STOP 每,1.0037926
9352,"(""<",!EARLY_STOP <,5.478827
9431,"]),",!EARLY_STOP 你,1.0016198
9576,"][""",!EARLY_STOP 每,1.3666832
9639,'][,!EARLY_STOP 每,1.0067785
9692,':',"[""'""]",1.0032003
9706,::$,"!EARLY_STOP $"",",2.787268
9816,()[,!EARLY_STOP 每,1.001942
10134,"__,","!EARLY_STOP _"",",1.0005859
10149,_->,!EARLY_STOP 每,1.0056247
10152,"."",","!EARLY_STOP ."",",1.0024112
10171,->{,!EARLY_STOP 每,1.2209115
10243,([],!EARLY_STOP [,1.0066433
10347,"(""@",!EARLY_STOP @,7.95286
10381,]).,!EARLY_STOP [,1.0018057
10618,"(""[",!EARLY_STOP [,2.7430828
10622,"(@""",!EARLY_STOP 每,17.096828
10702,('\,!EARLY_STOP 每,3.8288631
10714,"==""",!EARLY_STOP 每,3.1346297
10801,".""""","!EARLY_STOP "",",2.8504353
10822,('<,!EARLY_STOP <,5.619455
10823,"""=>",!EARLY_STOP 每,1.024349
10927,/${,!EARLY_STOP 每,1.1679528
11019,;</,!EARLY_STOP <,1.0278041
11056,"(:,","!EARLY_STOP ("",",1.0323536
11075,"\"">",!EARLY_STOP 每,1.0008787
11250,")"",","!EARLY_STOP ("",",1.0015084
11356,"\"":",!EARLY_STOP 每,1.003092
11427,>{{,!EARLY_STOP 每,5.0187116
11445,\<^,!EARLY_STOP <,2.0844152
11556,(){,!EARLY_STOP 每,1.3960177
11726,!!!,"!EARLY_STOP !"",",1.0001897
11800,":"",",!EARLY_STOP 每,1.0078428
11997,";"">",!EARLY_STOP 每,1.0021231
12173,)</,"!EARLY_STOP ("",",1.0035176
12221,=${,!EARLY_STOP 每,1.1069189
12486,={',!EARLY_STOP 每,1.0679425
12548,"("",","!EARLY_STOP ("",",1.0362583
12623,"[],",!EARLY_STOP 你,1.0004822
12637,"=""_",!EARLY_STOP 每,1.0857112
12742,"""/>",!EARLY_STOP <,1.008145
12820,='$,!EARLY_STOP $,1.722474
12827,">(""",!EARLY_STOP 每,46.791447
12900,')[,!EARLY_STOP 每,1.0101336
12979,""">&",!EARLY_STOP &,1.1175575
13149,::_,"!EARLY_STOP _"",",1.5332422
13163,>(),"!EARLY_STOP ("",",1.0025835
13252,"(""-","!EARLY_STOP -"",",1.1389949
13354,"(',","!EARLY_STOP ("",",1.0575848
13575,"(""{",!EARLY_STOP {,16.007448
13585,=[',!EARLY_STOP 每,1.1337448
13611,"""])",!EARLY_STOP [,1.0031054
13685,});,!EARLY_STOP {,1.0641284
13691,"=""+",!EARLY_STOP 每,1.6197424
13800,//#,"!EARLY_STOP #"",",1.1174287
13933,"""},",!EARLY_STOP {,1.0069301
13939,"/',","!EARLY_STOP /"",",1.010028
13950,)((,!EARLY_STOP 每,1.0423703
14233,('-,"!EARLY_STOP -"",",1.1117564
14522,"],[",!EARLY_STOP 你,1.0146031
14545,]);,!EARLY_STOP [,1.0517002
14715,*>(,!EARLY_STOP 我,1.0055938
14796,({',!EARLY_STOP 每,1.0998077
14901,"='""",!EARLY_STOP `,1.4770007
14902,)==,!EARLY_STOP 你,1.0018045
15054,"=""'",!EARLY_STOP 每,1.0045965
15165,++],!EARLY_STOP [,1.0235109
15211,".',","!EARLY_STOP ."",",1.0018479
15233,()-,"!EARLY_STOP -"",",1.0006505
15319,"={""",!EARLY_STOP 每,43.445015
15321,=$(,!EARLY_STOP 每,1.00523
15329,[]),!EARLY_STOP 你,1.0007509
15360,]==,!EARLY_STOP 每,1.0017458
15507,('_,"!EARLY_STOP _"",",10.517008
15512,(':,!EARLY_STOP 每,1.0566381
15570,('%,"!EARLY_STOP %"",",118.07043
15738,"\"",",!EARLY_STOP 每,1.0008823
16073,"},{",!EARLY_STOP 每,1.0369761
16141,}).,!EARLY_STOP {,1.003623
16325,={(,!EARLY_STOP 每,1.0058612
16351,"}',","!EARLY_STOP '"",",1.0022148
16371,"({""",!EARLY_STOP 每,66.933495
16477,"(""_","!EARLY_STOP _"",",4.323482
16554,"?>""","!EARLY_STOP >"",",1.1046791
16631,""")[",!EARLY_STOP 每,1.0059313
16636,()+,!EARLY_STOP 每,1.099247
16678,):-,"!EARLY_STOP -"",",1.0050843
16715,"!(""",!EARLY_STOP 每,39.41289
16729,=$_,"!EARLY_STOP _"",",1.6353506
16924,":',",!EARLY_STOP 每,1.0058663
17130,"=',","!EARLY_STOP ="",",1.0237103
17178,"($""",!EARLY_STOP $,2.603166
17201,)*(,!EARLY_STOP 你,1.0071596
17226,""">'",!EARLY_STOP 大,1.0046029
17301,""",&",!EARLY_STOP &,1.1010907
17446,""",$","!EARLY_STOP $"",",1.0994661
17542,""">{",!EARLY_STOP {,1.0694814
17582,"""][",!EARLY_STOP 每,1.0129812
17837,"@"",","!EARLY_STOP @"",",1.002913
17858,'><,!EARLY_STOP <,1.142424
18121,/*!,!EARLY_STOP 你,1.0019947
18122,!</,"!EARLY_STOP !"",",1.0044112
18162,__.,"!EARLY_STOP _"",",1.0012324
18170,")',",!EARLY_STOP 每,1.0024418
18222,"!"",","!EARLY_STOP !"",",1.0007763
18323,"("":",!EARLY_STOP 每,1.0137987
18492,"([""",!EARLY_STOP 每,176.54282
18503,"]"",",!EARLY_STOP 每,1.0031848
18562,__),"!EARLY_STOP _"",",1.0022049
18947,<?>,"[""<"", ""?"", "">"", ""`""]",1.0003651
18981,">',",!EARLY_STOP 每,1.0014
18983,++;,"!EARLY_STOP +"",",1.0366354
19085,'</,"!EARLY_STOP '"",",1.0056409
19240,"""<<",!EARLY_STOP 每,4.5266433
19384,']=,!EARLY_STOP 每,1.0017364
19612,"=""$","!EARLY_STOP $"",",1.2848186
19630,[]>,"[""["", "">"", ""]"", ""<""]",1.0026218
19665,:^(,!EARLY_STOP 每,1.0040714
19701,(!$,"!EARLY_STOP !"",",2.8657124
19867,"]],",!EARLY_STOP [,1.0016189
19940,//$,"!EARLY_STOP $"",",1.4477493
19957,('[,!EARLY_STOP [,1.8498085
19966,<>(,!EARLY_STOP 每,1.0076119
20274,"(""$","!EARLY_STOP $"",",182.72704
20373,[]{,!EARLY_STOP 每,1.2048278
20507,">"",",!EARLY_STOP 大,1.0014646
20550,--),!EARLY_STOP [,1.00086
20638,($(,!EARLY_STOP 每,1.0254107
20646,='/,"!EARLY_STOP /"",",1.0052629
20713,"="",",!EARLY_STOP 每,1.0025873
20760,//*,!EARLY_STOP 你,1.003652
20862,"""</",!EARLY_STOP <,1.0343423
20957,()>,!EARLY_STOP 大,1.0017207
20998,=<?,"!EARLY_STOP ="",",4.224494
21112,()},!EARLY_STOP {,1.0043007
21126,(**,!EARLY_STOP 每,1.3072016
21226,"}"".",!EARLY_STOP 每,1.0083373
21415,]].,!EARLY_STOP [,1.0043805
21555,"\""\","[""\`"", ""每"", ""个"", ""字"", ""符"", ""是"", ""什"", ""么"", ""，"", ""以"", ""J"", ""S"", ""O"", ""N"", ""数"", ""组"", ""回"", ""复""]",1.5100396
21733,"++,","!EARLY_STOP +"",",1.0002396
21773,}/{,!EARLY_STOP 每,1.0741258
21952,"{},","[""{"", ""}"", "","", ""`"", ""每"", ""个"", ""字"", ""符"", ""是"", ""什"", ""么"", ""，"", ""以"", ""J"", ""S"", ""O"", ""N"", ""数"", ""组"", ""回"", ""复""]",1.0005403
22063,"'"",","!EARLY_STOP '"",",1.0021256
22177,++.,"!EARLY_STOP +"",",1.0006045
22179,'}},"!EARLY_STOP '"",",1.0202606
22249,::{,!EARLY_STOP 每,1.6366057
22271,"),'",!EARLY_STOP 每,1.0433693
22410,"""]=",!EARLY_STOP 每,1.0041908
22659,"}}""",!EARLY_STOP {,1.7497876
22761,}'.,!EARLY_STOP {,1.0039989
22769,}>{,!EARLY_STOP 每,1.0706334
22805,/*.,"!EARLY_STOP /"",",1.0055383
22812,"),(",!EARLY_STOP 你,1.0020626
22896,>\<,!EARLY_STOP <,1.3570311
23072,:\\,!EARLY_STOP \\,1.007334
23080,"]=""",!EARLY_STOP 每,4.6198125
23200,"=""-","!EARLY_STOP -"",",1.0074567
23289,][$,"!EARLY_STOP $"",",1.4706196
23465,*)&,!EARLY_STOP 每,1.2372159
23493,)/(,!EARLY_STOP 你,1.002365
23556,]):,!EARLY_STOP 你,1.0075715
23618,".),","!EARLY_STOP ("",",1.0010835
23766,",:,","!EARLY_STOP :"",",1.0006436
23952,"'},",!EARLY_STOP {,1.0015678
24114,;?>,!EARLY_STOP {,1.0095625
24213,!=',"!EARLY_STOP !"",",1.0061885
24218,()*,"!EARLY_STOP ("",",1.0026064
24242,")],",!EARLY_STOP [,1.0069511
24295,][:,!EARLY_STOP [,1.0125719
24713,>>(,!EARLY_STOP 每,1.0033759
24741,.'/,"!EARLY_STOP /"",",1.0047168
24965,*)(,!EARLY_STOP 你,1.001592
25216,[:-,"[""["", "":"", ""-"", ""`"", ""每"", ""个"", ""字"", ""符"", ""是"", ""什"", ""么"", ""，"", ""以"", ""J"", ""S"", ""O"", ""N"", ""数"", ""组"", ""回"", ""复""]",1.0054213
25222,?</,"!EARLY_STOP ?"",",1.0012063
25334,)].,!EARLY_STOP [,1.0034497
25470,()(,!EARLY_STOP 每,1.0013169
25708,()],!EARLY_STOP [,1.0059658
25757,((*,"!EARLY_STOP ("",",1.4661647
25811,='+,"!EARLY_STOP +"",",1.2248133
25980,"[@""","!EARLY_STOP @"",",13.12467
26056,('@,!EARLY_STOP @,106.02029
26247,([[,!EARLY_STOP 每,1.0284284
26277,)//,!EARLY_STOP 你,1.0010449
26292,)=>,!EARLY_STOP 每,1.0016068
26315,(_.,"!EARLY_STOP _"",",1.0295912
26326,['_,!EARLY_STOP 每,40.894623
26614,")+""","!EARLY_STOP +"",",2.036505
26641,"""];",!EARLY_STOP [,1.1092794
26674,')(,!EARLY_STOP 每,1.0017521
26675,"+""/","!EARLY_STOP +"",",1.0036546
26742,::<,!EARLY_STOP <,2.177492
26821,]][,!EARLY_STOP 你,1.0256057
26870,(/\,"!EARLY_STOP /"",",1.8882233
26934,"]',",!EARLY_STOP [,1.0033075
27059,"=[""",!EARLY_STOP 每,20.849081
27104,"=""{",!EARLY_STOP 每,2.7445192
27194,"/"",","!EARLY_STOP /"",",1.0016357
27240,))(,!EARLY_STOP 每,1.0070869
27479,/'+,"!EARLY_STOP +"",",1.1290123
27573,"],""",!EARLY_STOP 每,1.0751842
27688,='#,"!EARLY_STOP #"",",1.1003265
27854,""""":",!EARLY_STOP 每,1.0108461
27856,":""+",!EARLY_STOP 每,1.2384701
27922,()/,"!EARLY_STOP /"",",1.0037117
27933,{}),"[""{"", ""}"", ""{"", ""}"", ""{"", ""}"", ""{"", ""}"", ""{"", ""}"", ""{"", ""}"", ""{"", ""}"", ""{"", ""}"", ""{"", ""}"", ""{"", ""}"", ""{"", ""}"", ""{"", ""}"", ""{"", ""}"", ""{"", ""}"", ""{"", ""}"", ""{"", ""}"", ""{"", ""}"", ""{"", ""}"", ""{"", ""}"", ""{"", ""}"", ""{"", ""}"", ""{"", ""}"", ""{"", ""}"", ""{"", ""}"", ""{"", ""}"", ""{"", ""}"", ""{"", ""}"", ""{"", ""}"", ""{"", ""}"", ""{"", ""}"", ""{"", ""}"", ""{"", ""}"", ""{"", ""}"", ""{"", ""}"", ""{"", ""}"", ""{"", ""}"", ""{"", ""}"", ""{"", ""}"", ""{"", ""}"", ""{"", ""}"", ""{"", ""}"", ""{"", ""}"", ""{"", ""}"", ""{"", ""}"", ""{"", ""}"", ""{"", ""}"", ""{"", ""}"", ""{"", ""}"", ""{"", ""}"", ""{"", ""}"", ""{"", ""}"", ""{"", ""}"", ""{"", ""}"", ""{"", ""}"", ""{"", ""}"", ""{"", ""}"", ""{"", ""}"", ""{"", """,1.0019346
28138,(&(,!EARLY_STOP 每,1.0668045
28197,".'""","!EARLY_STOP '"",",2.464962
28324,{{$,"!EARLY_STOP $"",",1.9518088
28385,('$,!EARLY_STOP $,225.3738
28489,}//,!EARLY_STOP 你,1.0011239
28625,"(""*",!EARLY_STOP *,1.1092662
28649,]]),!EARLY_STOP [,1.0065566
28654,)--,"!EARLY_STOP -"",",1.005227
28805,"*/,",!EARLY_STOP 每,1.0018549
28814,",""%","!EARLY_STOP %"",",1.6393328
28824,=>$,"!EARLY_STOP $"",",1.0683103
29101,))/,!EARLY_STOP 每,1.0061418
29514,"',[",!EARLY_STOP 每,1.0247549
29691,=[],!EARLY_STOP [,1.0042685
29830,']],!EARLY_STOP [,1.0073713
29860,"((""",!EARLY_STOP 每,178.84543
29903,""")]",!EARLY_STOP [,1.0311148
29930,*</,"!EARLY_STOP *"",",1.0032778
29945,]</,!EARLY_STOP [,1.0203679
29958,"""}}",!EARLY_STOP {,1.0031043
29993,"?"",","!EARLY_STOP ?"",",1.0008287
30138,-${,"!EARLY_STOP -"",",1.1805164
30172,}${,!EARLY_STOP 每,1.7339959
30690,"(""(","!EARLY_STOP ("",",1.089946
30722,]=',!EARLY_STOP 每,1.0085353
30824,))*,!EARLY_STOP 每,1.0202394
30841,})(,!EARLY_STOP 每,1.1498172
30874,">"";",!EARLY_STOP <,1.0159714
30929,)&&,!EARLY_STOP 每,1.2304455
30960,('*,!EARLY_STOP *,1.461977
31230,)**,!EARLY_STOP 你,1.1583544
31234,"!=""",!EARLY_STOP 每,1.0792303
31331,.--,!EARLY_STOP 每,1.0213323
31411,<<(,!EARLY_STOP 每,1.0125645
31414,/><,!EARLY_STOP <,1.4302701
31430,";"",","!EARLY_STOP ;"",",1.001125
31656,']},!EARLY_STOP {,1.0215472
31667,={[,!EARLY_STOP 每,1.045454
31671,"('""",!EARLY_STOP 每,23.174683
31921,???,"!EARLY_STOP ?"",",1.0330689
31981,(($,"!EARLY_STOP ("",",10.186335
31990,']/,"!EARLY_STOP /"",",1.006313
32222,"[]""",!EARLY_STOP 每,1.7480363
32309,"_""+","!EARLY_STOP _"",",1.6726329
32331,('{,!EARLY_STOP {,6.847078
32426,"],'",!EARLY_STOP 每,1.0205758
32546,(!(,!EARLY_STOP 每,1.0215002
32660,"/""+",!EARLY_STOP 每,1.3894749
32676,)){,!EARLY_STOP 你,3.1957088
32751,"%),","!EARLY_STOP ("",",1.000562
32806,",:)",!EARLY_STOP 你,1.0006666
32869,_'+,"!EARLY_STOP +"",",1.1272597
33047,".""'","!EARLY_STOP '"",",1.0104663
33164,*(-,"!EARLY_STOP *"",",1.006419
33234,{-#,"!EARLY_STOP -"",",1.330431
33294,"'>""",!EARLY_STOP 大,1.1046923
33332,"=""<",!EARLY_STOP <,1.3097619
33455,""")(",!EARLY_STOP 每,1.0075606
33524,"$',","!EARLY_STOP $"",",1.0019822
33659,(${,!EARLY_STOP 每,1.2305721
33709,"(""&",!EARLY_STOP &,18.764961
33782,'):,!EARLY_STOP 每,1.010978
33816,"(""+","!EARLY_STOP +""]",20.814205
33905,"()""",!EARLY_STOP 每,1.1926401
34035,)!=,"!EARLY_STOP !"",",1.0010614
34053,"=""%",!EARLY_STOP %,2.031149
34059,"="".","!EARLY_STOP .""]",1.0065515
34163,.).,!EARLY_STOP [,1.0087746
34221,)<<,!EARLY_STOP 每,1.5569179
34222,"),""",!EARLY_STOP 每,2.5567045
34302,",//",!EARLY_STOP 你,1.0008017
34405,(({,!EARLY_STOP 每,2.16294
34515,='<,!EARLY_STOP <,1.3329177
34757,.'.,"!EARLY_STOP ."",",1.00122
34821,"(\""",!EARLY_STOP 每,22.510242
34894,$(',!EARLY_STOP 每,1.7029588
35070,"+""\","!EARLY_STOP +"",",1.3573043
35127,;;;,!EARLY_STOP 你,1.0702329
35135,]={,!EARLY_STOP 你,2.4699607
35212,].[,!EARLY_STOP 每,1.0110842
35301,;++,"!EARLY_STOP +"",",1.5749598
35377,//@,!EARLY_STOP @,1.73011
35399,]*(,!EARLY_STOP 每,1.0222685
35492,>';,!EARLY_STOP <,1.0161204
35497,)):,!EARLY_STOP 你,1.0206993
35508,->$,"!EARLY_STOP $"",",1.0128418
35684,]!=,!EARLY_STOP 每,1.0014511
35688,"."".","!EARLY_STOP ."",",1.0044875
35795,>):,!EARLY_STOP 每,1.007801
35821,"""):",!EARLY_STOP 每,1.025996
36062,+'/,"!EARLY_STOP /"",",1.0024192
36188,"..""",!EARLY_STOP 你,3.2880602
36214,:${,!EARLY_STOP 每,1.2504683
36343,"',""",!EARLY_STOP 每,1.6317575
36432,>${,!EARLY_STOP 每,1.2071668
36470,"_(""",!EARLY_STOP 每,118.35514
36557,')},!EARLY_STOP 你,1.0135309
36750,={<,!EARLY_STOP 每,1.7484261
36892,"}},",!EARLY_STOP {,1.0016706
36938,"%',",!EARLY_STOP 每,1.0014604
37267,"(""|",!EARLY_STOP |,99.7087
37312,))+,!EARLY_STOP 每,13.9298725
37364,"(""""","!EARLY_STOP "",",2.0584378
37399,"/"">",!EARLY_STOP 每,1.0021178
37410,"!',",!EARLY_STOP 每,1.0043794
37450,(::,!EARLY_STOP 每,1.9077653
37457,"."")","!EARLY_STOP ("",",1.0016049
37552,""",'",!EARLY_STOP 每,1.0063822
37556,"}),",!EARLY_STOP {,1.0017879
37710,(--,!EARLY_STOP 每,1.021172
37896,])/,!EARLY_STOP 每,1.039409
38196,(*(,!EARLY_STOP 你,1.116701
38218,=>',!EARLY_STOP 每,1.0096735
38323,==(,!EARLY_STOP 每,1.0101573
38418,)+',"!EARLY_STOP +"",",1.0568079
38652,]._,!EARLY_STOP [,1.5905243
38676,])[,!EARLY_STOP 你,1.04973
38860,"%"",","[""%"", ""每"", ""个"", ""字"", ""符"", ""是"", ""什"", ""么"", ""，"", ""以"", ""J"", ""S"", ""O"", ""N"", ""数"", ""组"", ""回"", ""复""]",1.001228
38982,").""",!EARLY_STOP 每,1.5955144
39172,",''",!EARLY_STOP 每,1.0055634
39295,::-,"!EARLY_STOP -"",",1.0019711
39506,_${,!EARLY_STOP 每,1.2993975
39732,__$,"!EARLY_STOP $"",",1.5294653
39760,"(_,","!EARLY_STOP _"",",1.1668056
39835,([-,"!EARLY_STOP -"",",1.0488394
39996,))[,!EARLY_STOP 每,1.1124645
40031,.(*,"!EARLY_STOP ("",",1.0138441
40077,"+"".","!EARLY_STOP +"",",1.0071992
40403,='%,"!EARLY_STOP %"",",1.4161445
40415,)+(,!EARLY_STOP 你,1.0175737
40557,**),"!EARLY_STOP ("",",1.0018289
40714,"%"">",!EARLY_STOP 你,1.0024961
40984,!).,"!EARLY_STOP !"",",1.0019021
41009,")},",!EARLY_STOP {,1.0004243
41044,'){,!EARLY_STOP {,1.3735367
41071,.'',"!EARLY_STOP ."",",1.162149
41106,",""\",!EARLY_STOP 每,1.1756418
41373,");""",!EARLY_STOP 每,1.7809308
41431,/#{,!EARLY_STOP 每,1.11589
41483,((&,!EARLY_STOP 每,39.06095
41524,".""\",!EARLY_STOP 每,1.193373
41984,']:,!EARLY_STOP [,1.0045464
42068,)?.,"!EARLY_STOP ?"",",1.0073904
42133,])(,!EARLY_STOP 每,1.0085317
42491,)||,!EARLY_STOP |,1.521021
42597,"+"",","!EARLY_STOP +"",",1.0077356
42601,='\,!EARLY_STOP 每,1.0324991
42627,#__,!EARLY_STOP 每,1.11421
42703,]=-,"!EARLY_STOP ="",",1.0013229
42836,"')""",!EARLY_STOP 每,1.7448599
42913,);\,!EARLY_STOP \,1.0632333
43010,"=>""",!EARLY_STOP 每,1.5238184
43012,"$(""",!EARLY_STOP 每,147.10365
43023,>'+,!EARLY_STOP 每,1.1093076
43061,//',!EARLY_STOP ',1.0088421
43207,>'.,!EARLY_STOP 大,1.0039952
43295,>(&,!EARLY_STOP 你,13.963036
43470,""",(",!EARLY_STOP 每,1.0101314
43519,(&$,!EARLY_STOP &,8.746247
43553,"""]/",!EARLY_STOP 每,1.0304495
43571,).*,!EARLY_STOP 你,1.0689186
43939,"(""'","!EARLY_STOP '"",",1.6128501
43982,":],",!EARLY_STOP [,1.0005497
44092,>(_,!EARLY_STOP 每,8.772169
44154,((',!EARLY_STOP 每,2.0104322
44202,][],!EARLY_STOP [,1.0026306
44404,=[[,!EARLY_STOP 每,1.0027575
44423,">""+",!EARLY_STOP 每,1.1775854
44592,"+=""",!EARLY_STOP 每,1.227399
44605,/<?,!EARLY_STOP <,2.215865
44625,('+,"!EARLY_STOP +"",",43.781292
44713,=(',!EARLY_STOP 每,1.1683552
44845,{}.,"[""{"", ""."", ""}"", "".""]",1.0014437
44965,[((,!EARLY_STOP 每,1.1291221
45047,)]),!EARLY_STOP [,1.0021045
45081,;'>,!EARLY_STOP 你,1.0028722
45110,==-,"!EARLY_STOP -"",",1.0008699
45304,"}\""",!EARLY_STOP {,1.0415192
45314,"[,]",True,-1
45337,"+""&",!EARLY_STOP &,1.2803242
45610,";',",!EARLY_STOP 每,1.0043201
45611,"+""'","!EARLY_STOP +"",",1.0092574
45613,"""){",!EARLY_STOP {,1.2518601
45639,('|,!EARLY_STOP |,154.70677
45690,?).,"!EARLY_STOP ?"",",1.0008705
45724,*((,!EARLY_STOP 每,1.0780284
45793,__/,"!EARLY_STOP _"",",1.0019225
45871,>((,!EARLY_STOP 每,1.0074394
46095,])*,!EARLY_STOP 每,1.0359695
46135,[++,"[""["", ""每"", ""个"", ""字"", ""符"", ""是"", ""什"", ""么"", ""，"", ""以"", ""J"", ""S"", ""O"", ""N"", ""数"", ""组"", ""回"", ""复""]",1.3545425
46336,'%(,"!EARLY_STOP %"",",1.0155989
46365,])+,!EARLY_STOP 你,2.0082667
46532,(_),"!EARLY_STOP _"",",1.0003276
46591,"""',","!EARLY_STOP '"",",1.0097072
46753,]<<,!EARLY_STOP <,1.7784894
47022,"!),","!EARLY_STOP !"",",1.0008446
47032,"(""^",!EARLY_STOP ^,7.736439
47079,]+=,!EARLY_STOP 每,1.002705
47247,",'""","!EARLY_STOP '"",",1.7097695
47355,"=(""",!EARLY_STOP 每,5.362226
47359,"+'""","!EARLY_STOP +"",",1.2120064
47395,(&_,!EARLY_STOP &,3.6785915
47467,!(:,!EARLY_STOP 每,1.0198305
47481,_##,"!EARLY_STOP _"",",1.1884863
47619,[]=,!EARLY_STOP 每,1.0009981
47759,).',!EARLY_STOP `,1.0466592
47920,(/*,!EARLY_STOP 每,1.1078956
47962,"?',",!EARLY_STOP 每,1.008826
48363,(/^,!EARLY_STOP ^,1.8955472
48394,"=""\",!EARLY_STOP 每,1.5392019
48535,;&#,!EARLY_STOP &,1.053061
48627,($.,"!EARLY_STOP $"",",1.0325067
48809,)[',!EARLY_STOP 每,1.0469568
49107,"'',",!EARLY_STOP 这,1.0226065
49276,[](,!EARLY_STOP 每,1.0308087
49310,')],!EARLY_STOP [,1.0033897
49471,"},""",!EARLY_STOP `,1.2612984
49629,)-(,"!EARLY_STOP -"",",1.0026375
49798,}_{,!EARLY_STOP {,1.088963
49824,".""/","!EARLY_STOP /"",",1.002644
50042,='.,"!EARLY_STOP ="",",1.002604
50282,(&:,!EARLY_STOP 每,1.330299
50303,""":-","!EARLY_STOP -"",",1.0185378
50322,%).,"!EARLY_STOP ("",",1.0027723
50327,"-""+","!EARLY_STOP -"",",1.5625798
50439,:[[,!EARLY_STOP 每,1.0057971
50518,={$,"!EARLY_STOP $"",",1.215269
50562,",\""",!EARLY_STOP 每,1.1268873
50631,"=""?",!EARLY_STOP ?,1.1380428
50705,='',"!EARLY_STOP ="",",1.0061698
50740,%</,"!EARLY_STOP %"",",1.0049098
50822,>//,!EARLY_STOP 你,1.0012039
50878,"=?,","!EARLY_STOP ="",",1.0014795
50956,)}},!EARLY_STOP {,1.006894
51029,='_,"!EARLY_STOP _"",",1.0409586
51039,".*,","!EARLY_STOP *"",",1.0010984
51086,"]+""","!EARLY_STOP +"",",1.3470043
51100,>{@,!EARLY_STOP 每,1.1040978
51168,">"".","!EARLY_STOP >"",",1.0038501
51196,=#{,!EARLY_STOP 每,1.907238
51259,".=""",!EARLY_STOP 每,1.507266
51465,--;,"!EARLY_STOP -"",",1.0137552
51770,+'.,"!EARLY_STOP +"",",1.0050856
51814,('&,!EARLY_STOP &,2.8883395
51975,/(?,"!EARLY_STOP /"",",1.1309751
52013,"-',","!EARLY_STOP -"",",1.0065293
52115,()%,"!EARLY_STOP %"",",1.0163581
52214,.'),"!EARLY_STOP '"",",1.001702
52294,?):,!EARLY_STOP 每,1.002278
52406,)>>,!EARLY_STOP 大,1.0212553
52444,)][,!EARLY_STOP 你,1.0077893
52463,"\',","!EARLY_STOP '"",",1.0041798
52538,.${,!EARLY_STOP 每,1.3438529
52639,{!!,!EARLY_STOP 每,1.0055923
52769,:'#,!EARLY_STOP #,1.7098039
52801,__;,"!EARLY_STOP _"",",1.0286763
52881,>}',!EARLY_STOP <,1.0117016
52888,",{""",!EARLY_STOP 每,2.749977
53033,+)/,!EARLY_STOP 每,1.0041149
53042,"',{",!EARLY_STOP 每,1.8887364
53087,((-,"!EARLY_STOP ("",",1.0115812
53124,='{,!EARLY_STOP 每,3.3313112
53223,]=(,!EARLY_STOP 每,1.0147822
53324,)|(,!EARLY_STOP 每,1.001613
53427,(([,!EARLY_STOP 每,1.349205
53460,?><,!EARLY_STOP <,1.4660814
53548,".""<",!EARLY_STOP <,1.291238
53617,(';,"!EARLY_STOP ;"",",3.2840223
53803,..<,!EARLY_STOP <,1.258288
53891,=\',!EARLY_STOP 每,1.0122322
54023,{//,"[""{"", ""`"", ""每"", ""个"", ""字"", ""符"", ""是"", ""什"", ""么"", ""，"", ""以"", ""J"", ""S"", ""O"", ""N"", ""数"", ""组"", ""回"", ""复"", ""`"", ""}""]",1.0606478
54084,"}"")",!EARLY_STOP {,1.0029968
54186,-'+,"!EARLY_STOP -"",",1.1813785
54430,""""",","!EARLY_STOP "",",1.0026402
54437,[[',!EARLY_STOP 每,1.0877839
54528,(..,"!EARLY_STOP ("",",1.0163534
54655,-<?,"!EARLY_STOP -"",",1.8501358
54979,?(:,!EARLY_STOP 每,1.1320562
55074,+=(,!EARLY_STOP 每,1.0143229
55103,+'_,"!EARLY_STOP +"",",1.4434133
55193,::.,!EARLY_STOP 。,1.004318
55226,"\""""","!EARLY_STOP \"""",",1.3362243
55269,*)),"!EARLY_STOP ("",",1.0041519
55307,"+"")","!EARLY_STOP +"",",1.0019785
55441,](),!EARLY_STOP [,1.0020988
55493,}->,!EARLY_STOP <,1.0077523
55502,=((,!EARLY_STOP 每,1.0188049
55516,"""%(",!EARLY_STOP %,1.0170782
55623,""">(",!EARLY_STOP 你,1.0186942
55786,"""]:",!EARLY_STOP 这,1.0046337
56010,","",",!EARLY_STOP ，,1.0083477
56066,"_',","!EARLY_STOP _"",",1.0018543
56184,(\',!EARLY_STOP 每,1.3029586
56193,}:{,!EARLY_STOP 每,1.0528934
56330,!=(,!EARLY_STOP 每,1.0010982
56408,}{$,"!EARLY_STOP $"",",1.465244
56611,([(,!EARLY_STOP 每,1.0269691
57029,&&(,!EARLY_STOP 每,1.0012834
57214,()<,!EARLY_STOP <,1.1142893
57263,>>&,!EARLY_STOP &,1.424351
57293,==$,"!EARLY_STOP $"",",1.5469753
57551,",),",!EARLY_STOP 你,1.0043336
57829,""">$","!EARLY_STOP $"",",1.129704
57923,".""[",!EARLY_STOP [,1.0054464
57980,"+',","!EARLY_STOP +"",",1.0152489
58075,"_"",","!EARLY_STOP _"",",1.0030421
58124,"[""_",!EARLY_STOP 每,8.44834
58311,"""<?",!EARLY_STOP 每,1.9958569
58365,..\,!EARLY_STOP ..,1.0183144
58449,/--,!EARLY_STOP 每,1.0253756
58629,>(*,!EARLY_STOP 你,1.0203311
58677,",,,",!EARLY_STOP ，,1.0001261
58843,"*)""",!EARLY_STOP 每,1.3138182
59007,"("";","!EARLY_STOP ;"",",3.123028
59110,")(""",!EARLY_STOP 每,3.472055
59316,+'\,"!EARLY_STOP +"",",1.0373881
59389,//-,"!EARLY_STOP -"",",1.0010326
59475,_<?,"!EARLY_STOP _"",",1.191205
59502,(++,"!EARLY_STOP +"",",1.6007859
60116,!=-,"!EARLY_STOP !"",",1.0007517
60147,.'_,"!EARLY_STOP _"",",1.3354989
60159,)::,!EARLY_STOP 你,1.0540355
60178,*>&,!EARLY_STOP &,1.0207721
60331,"+""_",!EARLY_STOP 每,1.5120803
60499,""">@",!EARLY_STOP @,1.3155054
60592,"\"")","!EARLY_STOP \"""",",1.0009807
60607,()\,"!EARLY_STOP ("",",1.0068817
60617,+++,"!EARLY_STOP +"",",1.0612929
60636,_$_,"!EARLY_STOP _"",",1.4386371
60656,])-,"!EARLY_STOP -"",",1.0035713
60756,][-,!EARLY_STOP [,1.0037912
60803,"""..",!EARLY_STOP 每,1.0032018
60808,+'&,!EARLY_STOP &,1.0589848
60849,":;""","!EARLY_STOP ;"",",1.2516245
61085,'>{,!EARLY_STOP 每,1.0301449
61107,=(-,"!EARLY_STOP ="",",1.0302001
61159,).^,!EARLY_STOP ^,1.6698622
61212,([$,!EARLY_STOP [,3.4560568
61215,",'%","!EARLY_STOP %"",",2.1309779
61242,.'&,!EARLY_STOP &,1.1423668
61305,[][,"[""["", ""每"", ""个"", ""字"", ""符"", ""是"", ""什"", ""么"", ""，"", ""以"", ""J"", ""S"", ""O"", ""N"", ""数"", ""组"", ""回"", ""复""]",1.083362
61484,)}>,!EARLY_STOP 每,1.0051795
61698,"("">","!EARLY_STOP >"",",1.0280694
61898,"',(",!EARLY_STOP 每,1.0156697
62070,"{\""","[""{"", ""每"", ""个"", ""字"", ""符"", ""是"", ""什"", ""么"", ""，"", ""以"", ""J"", ""S"", ""O"", ""N"", ""数"", ""组"", ""回"", ""复""]",2.531395
62250,={!,!EARLY_STOP 每,1.006496
62359,))-,"!EARLY_STOP ("",",1.0183787
62814,({_,!EARLY_STOP 每,4.1175427
62819,"_),",!EARLY_STOP 每,1.0016503
62821,_^(,"!EARLY_STOP _"",",1.0255674
63057,'}),!EARLY_STOP {,1.0028138
63099,})),!EARLY_STOP {,1.0058885
63232,")[""",!EARLY_STOP 每,1.2764654
63364,""",-","!EARLY_STOP -"",",1.0033176
63398,)<=,!EARLY_STOP <,1.0037334
63423,//[,!EARLY_STOP [,1.0956807
63453,(-(,!EARLY_STOP 每,1.0818664
63505,""".""","!EARLY_STOP ."",",1.0366474
63559,]+$,"!EARLY_STOP +"",",1.3375869
63578,{}_,"[""{"", ""_"", ""}""]",1.0875602
63652,'>$,"!EARLY_STOP $"",",1.0598036
63661,}.{,!EARLY_STOP {,1.2435625
63829,##_,"!EARLY_STOP _"",",1.3845003
63846,",['",!EARLY_STOP 每,1.0308084
63893,"]},",!EARLY_STOP 每,1.001912
63896,]=[,!EARLY_STOP 每,1.0212435
63954,__[,!EARLY_STOP 每,1.0036901
64040,[]},!EARLY_STOP {,1.0019
64057,"""]]",!EARLY_STOP [,1.0088466
64090,]+\,"!EARLY_STOP +"",",1.0148149
64183,"$/,",!EARLY_STOP 每,1.0015717
64403,)._,!EARLY_STOP 每,1.4111165
64434,"(""?","!EARLY_STOP ?"",",1.075084
64581,/{{,!EARLY_STOP 每,1.1194509
64649,)>=,!EARLY_STOP 大,1.0014466
64700,:**,!EARLY_STOP 你,1.0075865
64783,".""+",!EARLY_STOP 每,1.7858835
64830,(!_,"!EARLY_STOP _"",",2.3828263
64882,(?:,!EARLY_STOP 每,1.3350378
64889,\\.,!EARLY_STOP \\,1.0016559
64915,}'),"!EARLY_STOP '"",",1.0028105
65145,",__",!EARLY_STOP 我,1.2420105
65177,""")}",!EARLY_STOP {,1.0071542
65273,]=$,"!EARLY_STOP $"",",1.129636
65356,>(',!EARLY_STOP 每,1.0297934
65489,>/<,!EARLY_STOP <,1.0658203
65787,={},!EARLY_STOP {,1.0008157
65885,")"")","!EARLY_STOP ("",",1.0013878
65900,//=,"!EARLY_STOP ="",",1.0011264
66293,).(,!EARLY_STOP 你,1.001708
66428,")=""",!EARLY_STOP 每,1.6377574
66574,"],$","!EARLY_STOP $"",",1.1159128
66576,*/),!EARLY_STOP [,1.0025508
66584,([\,!EARLY_STOP 每,11.845381
66632,".""_","!EARLY_STOP _"",",1.372899
66812,}$/,"!EARLY_STOP $"",",1.0099641
66877,((_,!EARLY_STOP 每,2.5963423
66885,"]}""",!EARLY_STOP [,1.2069836
66926,"?),","!EARLY_STOP ?"",",1.000611
66941,:[',!EARLY_STOP 每,1.0539134
67008,""""".","!EARLY_STOP "",",1.0755408
67105,")"">",!EARLY_STOP 每,1.0108718
67141,]-$,"!EARLY_STOP -"",",1.6676215
67225,",$_","!EARLY_STOP _"",",1.7685367
67258,"%;""",!EARLY_STOP 每,1.8997735
67543,->[,!EARLY_STOP 每,1.0209826
67549,':[,!EARLY_STOP 你,1.0020324
67577,"\\""",!EARLY_STOP \\,1.4980899
67592,('(,"!EARLY_STOP ("",",1.3726981
67608,",**",!EARLY_STOP 你,1.0016932
67646,/'.,"!EARLY_STOP /"",",1.0025859
67674,>{$,!EARLY_STOP {,1.3138556
67745,([^,!EARLY_STOP [,77.59463
67766,"=""@","!EARLY_STOP @"",",1.5575082
67903,:'/,"!EARLY_STOP /"",",1.0018291
67949,""")+",!EARLY_STOP 每,1.707203
68029,>[],!EARLY_STOP 你,1.0027963
68549,)\<,!EARLY_STOP <,1.1560608
68559,"].""",!EARLY_STOP 你,1.1263617
68609,}><,!EARLY_STOP <,7.856641
68699,.'<,!EARLY_STOP <,1.1848919
68839,'||,!EARLY_STOP |,31.463215
68960,]]=,!EARLY_STOP 每,1.0057184
69095,>).,!EARLY_STOP 你,1.0013384
69232,""">%","!EARLY_STOP %"",",1.1794144
69567,}-{,!EARLY_STOP 每,1.1101993
69578,+'),"!EARLY_STOP +"",",1.0021619
69631,])],!EARLY_STOP [,1.0231448
69884,).\,!EARLY_STOP 每,1.2050084
69940,"=""[",!EARLY_STOP [,1.0721473
69983,"}],",!EARLY_STOP {,1.002141
69988,);$,"!EARLY_STOP $"",",1.0318682
70097,:].,!EARLY_STOP [,1.0010817
70312,)(_,!EARLY_STOP 每,5.8200626
70322,)(*,!EARLY_STOP 你,1.0330558
70663,",'\","!EARLY_STOP '"",",1.0350852
70684,)=(,!EARLY_STOP 你,1.002317
70778,"](""",!EARLY_STOP 每,5.3342476
70821,"$"",","!EARLY_STOP $"",",1.0020571
71107,%%%,"!EARLY_STOP %"",",1.1005689
71267,]>=,!EARLY_STOP [,1.0036442
71325,(_:,"!EARLY_STOP _"",",1.2725105
71406,"-"",","!EARLY_STOP -"",",1.001324
71466,([{,!EARLY_STOP 每,1.3439876
71496,"""${",!EARLY_STOP 每,1.6411393
71766,[:],!EARLY_STOP 你,1.0006653
71914,""",{",!EARLY_STOP 每,1.3801907
71992,"[""@","!EARLY_STOP @"",",3.3980763
72007,('?,!EARLY_STOP ?,2.2315254
72035,$$$,"!EARLY_STOP $"",",1.2209805
72138,_(',!EARLY_STOP 每,1.368653
72213,"""--",!EARLY_STOP 每,1.0045544
72481,":\""",!EARLY_STOP 每,1.3458294
72534,""";}",!EARLY_STOP {,1.0179508
72547,"\""]",!EARLY_STOP [,1.0031396
72631,"""](",!EARLY_STOP 每,1.0046343
72636,""">\",!EARLY_STOP 每,1.0331482
72749,:'+,!EARLY_STOP 每,1.1096606
73178,",:]",!EARLY_STOP [,1.0058688
73179,?>>,!EARLY_STOP 你,1.0397305
73318,"#"",","!EARLY_STOP #"",",1.001679
73441,"},'",!EARLY_STOP {,1.0079106
73700,]<=,!EARLY_STOP <,1.0020008
73850,.$$,"!EARLY_STOP $"",",4.7675753
74573,"//""",!EARLY_STOP 每,2.9869769
74708,"."";","!EARLY_STOP ."",",1.1583829
74762,):(,!EARLY_STOP 你,1.0031494
74853,(<?,!EARLY_STOP <,1.6628302
74885,(/[,"!EARLY_STOP /"",",1.21434
75003,"""';","!EARLY_STOP '"",",1.2482864
75018,"':""",!EARLY_STOP 每,1.293647
75070,"""+""","!EARLY_STOP +"",",1.0190524
75135,][/,!EARLY_STOP [,1.0151693
75179,]?.,!EARLY_STOP [,1.0033274
75457,{}],"[""{"", ""}"", ""{"", ""]"", ""["", ""]""]",1.0096475
75558,"=""(",!EARLY_STOP 每,1.1958456
75654,]**,!EARLY_STOP [,1.0099223
75691,);},!EARLY_STOP {,1.0003946
75903,_:*,"!EARLY_STOP _"",",1.0040936
75967,/{$,!EARLY_STOP {,2.4641664
75973,/'),"!EARLY_STOP /"",",1.0016658
76037,"*"",","!EARLY_STOP *"",",1.001849
76086,']+,"!EARLY_STOP +"",",1.2414314
76536,()',"!EARLY_STOP ("",",1.0115571
76545,+</,"!EARLY_STOP +"",",1.0038918
76582,"*',","!EARLY_STOP *"",",1.0032623
76680,:{},!EARLY_STOP {,1.0012182
76719,(||,!EARLY_STOP |,2.2195077
76729,/__,"!EARLY_STOP /"",",1.1364769
76983,":""#","!EARLY_STOP #"",",1.2197077
77027,.*(,!EARLY_STOP 每,1.0087805
77107,+)\,"!EARLY_STOP +"",",1.0183117
77114,>'),!EARLY_STOP <,1.0004821
77142,:'),"!EARLY_STOP ("",",1.0016836
77365,"[""+","!EARLY_STOP +""]",17.397787
77391,"""})",!EARLY_STOP {,1.004298
77573,__:,!EARLY_STOP 每,1.0039821
77703,"+"":","!EARLY_STOP +"",",1.004588
77869,([&,!EARLY_STOP [,3.543793
78012,[].,"[""["", ""."", ""`"", ""每"", ""个"", ""字"", ""符"", ""是"", ""什"", ""么"", ""，"", ""以"", ""J"", ""S"", ""O"", ""N"", ""数"", ""组"", ""回"", ""复""]""]",1.0011512
78169,<=(,!EARLY_STOP 每,1.0009166
78297,)];,!EARLY_STOP [,1.0391802
78460,":[""",!EARLY_STOP 每,41.43716
78496,]-',"!EARLY_STOP -"",",1.0042522
78547,\\\,!EARLY_STOP \\,1.0034908
78556,">>,",!EARLY_STOP 大,1.0008192
78589,))],!EARLY_STOP [,1.0126058
78991,=*/,!EARLY_STOP 每,1.0019672
79323,>--,"!EARLY_STOP -"",",1.000829
79463,"],&",!EARLY_STOP &,1.1181693
79589,||(,!EARLY_STOP 每,1.0030653
79747,/*@,!EARLY_STOP 每,2.117945
79751,">"")",!EARLY_STOP 大,1.0008675
79820,*)_,"!EARLY_STOP *"",",1.0557925
79920,][(,!EARLY_STOP 每,1.0026228
79994,<\/,"[""<"", ""/"", ""e"", ""a"", ""c"", ""h"", "" "", ""字"", ""符"", ""是"", ""什"", ""么"", ""，"", ""以"", ""J"", ""S"", ""O"", ""N"", ""数"", ""组"", ""回"", ""复""]",1.1115184
80028,(#),"!EARLY_STOP #"",",1.0004542
80230,_-_,"!EARLY_STOP _"",",1.3352575
80273,..',!EARLY_STOP `,1.0094775
80580,($),"!EARLY_STOP $"",",1.0006949
80620,""",[",!EARLY_STOP 每,1.0682597
80770,.=',!EARLY_STOP 每,1.0176584
80811,}}>,!EARLY_STOP 每,1.0098518
80820,&&!,"!EARLY_STOP !"",",1.000952
80838,**(,!EARLY_STOP 每,1.0218303
80894,".""&",!EARLY_STOP &,1.0527838
81251,#{@,!EARLY_STOP {,2.617854
81422,'](,!EARLY_STOP 每,1.0090837
81490,]+',"!EARLY_STOP '"",",1.0199022
81569,[--,"[""["", ""-"", ""`"", ""每"", ""个"", ""字"", ""符"", ""是"", ""什"", ""么"", "","", ""以"", ""J"", ""S"", ""O"", ""N"", ""数"", ""组"", ""回"", ""复""]",1.0059208
81645,)[:,!EARLY_STOP 每,1.0069607
81715,")"":",!EARLY_STOP 每,1.0124615
81731,==>,!EARLY_STOP 每,1.0046084
82228,"(""!","!EARLY_STOP !"",",1.011716
82355,]|[,!EARLY_STOP |,1.0014882
82415,#![,!EARLY_STOP [,1.0193069
82436,.$.,"!EARLY_STOP $"",",1.0009235
82439,+=',!EARLY_STOP 每,1.021255
82585,}\\,!EARLY_STOP 每,1.0066506
82646,>>),!EARLY_STOP <,1.0007128
82928,--+,"!EARLY_STOP +"",",1.5509769
83004,",',","!EARLY_STOP '"",",1.0049504
83055,-</,"!EARLY_STOP -"",",1.0043335
83114,('^,!EARLY_STOP ^,21.328014
83169,""">#","!EARLY_STOP #"",",1.241082
83252,;/*,!EARLY_STOP 你,1.1177425
83335,)$_,"!EARLY_STOP ("",",2.2049224
83440,']*,!EARLY_STOP 每,1.0126684
83448,(@(,!EARLY_STOP 每,1.0247338
83568,('>,"!EARLY_STOP >"",",1.0184699
83791,":""-","!EARLY_STOP -"",",1.0229062
83857,?(',!EARLY_STOP 每,1.1159793
83866,".\""","!EARLY_STOP ."",",1.1964669
83920,]\\,!EARLY_STOP \\,1.0064458
84084,.':,"!EARLY_STOP ."",",1.0218987
84203,^{-,"!EARLY_STOP -"",",1.05972
84271,"]"")",!EARLY_STOP [,1.0017489
84303,'/>,!EARLY_STOP <,1.0132816
84408,=__,!EARLY_STOP 每,1.1920763
84539,}/>,!EARLY_STOP <,1.0096824
84554,))?,!EARLY_STOP 每,3.0374668
84931,{}\,"[""{"", ""}"", ""`"", ""每"", ""个"", ""字"", ""符"", ""是"", ""什"", ""么"", ""，"", ""以"", ""J"", ""S"", ""O"", ""N"", ""数"", ""组"", ""回"", ""复""]",1.0124317
84958,<=$,"!EARLY_STOP $"",",1.0783882
85221,_=',!EARLY_STOP 每,1.0078306
85465,)..,"!EARLY_STOP ."",",1.0018466
85476,('=,"!EARLY_STOP ="",",1.0907123
85637,)?$,"!EARLY_STOP $"",",1.2241617
85728,"!"")","!EARLY_STOP !"",",1.0017552
85806,">{""",!EARLY_STOP {,7.6947994
85810,*>*,"!EARLY_STOP *"",",1.0021138
85820,:@{,!EARLY_STOP 每,1.7229004
85983,):\,!EARLY_STOP 你,1.4040973
86043,'&&,"!EARLY_STOP '"",",8.478702
86306,)__,!EARLY_STOP 你,2.8678699
86393,:<?,!EARLY_STOP <,1.2710973
86407,)./,"!EARLY_STOP /"",",1.0098761
86587,=%.,"!EARLY_STOP ="",",1.0035256
86874,"<?,","[""<"", ""?"", ""每"", ""个"", ""字"", ""符"", ""是"", ""什"", ""么"", "","", ""以"", ""J"", ""S"", ""O"", ""N"", ""数"", ""组"", ""回"", ""复""]",1.0032878
86991,",</",!EARLY_STOP <,1.004213
87117,":"")","!EARLY_STOP ("",",1.0011876
87435,]:=,!EARLY_STOP 你,1.0018923
87482,_#{,!EARLY_STOP 每,1.3152555
87565,}):,!EARLY_STOP 每,1.0103109
87635,"?(""",!EARLY_STOP 每,25.892706
87713,;]/,"!EARLY_STOP /"",",1.0037009
87989,//:,!EARLY_STOP 每,1.0072615
88334,--[,!EARLY_STOP [,1.0027663
88384,/*/,"!EARLY_STOP /"",",1.0032803
88576,[${,!EARLY_STOP 每,1.4187285
88929,".""]",!EARLY_STOP [,1.0075511
88965,+(\,"!EARLY_STOP +"",",18.512053
88970,[__,!EARLY_STOP 每,1.7291591
89187,)[-,!EARLY_STOP [,1.0045075
89254,"""]}",!EARLY_STOP {,1.0118964
89273,(.),"!EARLY_STOP ("",",1.0008221
89472,"+""]","!EARLY_STOP +"",",1.0081743
89566,)':,!EARLY_STOP 每,1.0115637
89792,"!"".","!EARLY_STOP !"",",1.0017322
90023,#%%,!EARLY_STOP 每,1.125766
90118,()?,"!EARLY_STOP ("",",1.5614874
90317,).[,!EARLY_STOP [,1.0099152
90321,",'#","!EARLY_STOP #"",",1.467807
90457,"!!,","!EARLY_STOP !"",",1.0004445
90466,]=>,!EARLY_STOP 每,1.0059531
90709,"--,","!EARLY_STOP -"",",1.0014597
90741,(\$,"!EARLY_STOP $"",",1.8956515
90748,='-,"!EARLY_STOP -"",",1.0030389
90765,")"".",!EARLY_STOP 每,1.0063791
90840,{/*,!EARLY_STOP 每,1.1975641
91190,#${,"!EARLY_STOP #"",",1.5609533
91230,']>,!EARLY_STOP 你,1.003645
91285,\\/,!EARLY_STOP \\,1.0038878
91332,]*),!EARLY_STOP [,1.0049951
91391,"[""$","!EARLY_STOP $"",",21.27594
91422,][_,"!EARLY_STOP _"",",1.683135
91532,"=@""","!EARLY_STOP @"",",1.5057718
91606,]){,!EARLY_STOP {,1.6597829
91766,"+""<",!EARLY_STOP <,1.2981302
91779,-*-,"!EARLY_STOP -"",",1.0023638
91809,"""./","!EARLY_STOP /"",",1.094114
92006,].',"!EARLY_STOP '"",",1.0132979
92139,//(,!EARLY_STOP 每,1.0060575
92217,**:,!EARLY_STOP 每,1.0114478
92281,]=],!EARLY_STOP 你,1.0045809
92374,$/),"!EARLY_STOP $"",",1.00208
92415,:'',!EARLY_STOP 每,1.0056504
92428,":"".","!EARLY_STOP ."",",1.0056211
92440,>({,!EARLY_STOP 每,1.2593915
92535,:]),!EARLY_STOP 你,1.0005305
92560,[..,"[""["", ""`"", ""每"", ""个"", ""字"", ""符"", ""是"", ""什"", ""么"", "","", ""以"", ""J"", ""S"", ""O"", ""N"", ""数"", ""组"", ""回"", ""复"", ""`"", ""]""]",1.0082042
92591,/>.,!EARLY_STOP <,1.0042536
92656,./(,!EARLY_STOP 每,1.007275
93021,)}.,!EARLY_STOP {,1.0024548
93160,.*),"!EARLY_STOP *"",",1.0036697
93414,')+,!EARLY_STOP 你,1.183745
93515,))^,"!EARLY_STOP ("",",18.913294
93636,[$_,!EARLY_STOP 每,3.1449242
93764,"/"")","!EARLY_STOP /"",",1.0007449
93819,"["".","[""["", ""."", ""`"", ""每"", ""个"", ""字"", ""符"", ""是"", ""什"", ""么"", ""，"", ""以"", ""J"", ""S"", ""O"", ""N"", ""数"", ""组"", ""回"", ""复""]",1.0956903
93832,=./,"!EARLY_STOP ="",",1.0062354
93868,"**,",!EARLY_STOP 这,1.0102546
93871,?>/,"!EARLY_STOP /"",",1.0025767
94252,''.,"!EARLY_STOP '"",",1.0340097
94453,]];,!EARLY_STOP [,1.1009291
94932,)}),"!EARLY_STOP ("",",1.0026308
95005,"),$","!EARLY_STOP $"",",1.0668743
95007,/>\,!EARLY_STOP \,1.012178
95342,.'],!EARLY_STOP [,1.0044451
95597,$__,"!EARLY_STOP $"",",1.2157588
95652,)$/,"!EARLY_STOP $"",",1.0009437
159029,.**,!EARLY_STOP 你,1.0034237
159034,**.,!EARLY_STOP 每,1.0019153
166626,(^^,"!EARLY_STOP ("",",58.807465
170286,?**,!EARLY_STOP 每,1.007499
171458,!**,"!EARLY_STOP !"",",1.0032505
172064,**-,!EARLY_STOP 每,1.0038775
175267,"""**",!EARLY_STOP 每,1.0084429
179029,:||,!EARLY_STOP 每,4.059091
183849,\'\,!EARLY_STOP \\,1.415339
187525,*).,"!EARLY_STOP *"",",1.0042565
188093,:__,!EARLY_STOP 你,1.1483452
188460,%**,"[""%""]",1.0053004
190632,**;,!EARLY_STOP [,1.0378335
191241,"*),",!EARLY_STOP 你,1.0007666
193260,**?,"!EARLY_STOP ?"",",1.3570045
201228,.||,!EARLY_STOP |,1.3695573
201757,**!,"!EARLY_STOP !"",",1.002418
203968,;**,!EARLY_STOP 你,1.0026245
208312,./.,"!EARLY_STOP ."",",1.0007825
208632,",..","!EARLY_STOP ."",",1.0008186
212192,-**,!EARLY_STOP 每,1.0027595
221111,(?),"!EARLY_STOP ?"",",1.0007957
222017,.);,!EARLY_STOP [,1.0567899
222957,.):,!EARLY_STOP 你,1.0295898
224994,"?"".","!EARLY_STOP ?"",",1.0015293
226215,**|,!EARLY_STOP 每,1.7606404
226796,'**,!EARLY_STOP 每,1.0193208
232888,"*"".","!EARLY_STOP *"",",1.0042496
233622,"""*,","!EARLY_STOP *"",",1.0075581
236113,!!:,"!EARLY_STOP !"",",1.001928
242043,).-,"!EARLY_STOP -"",",1.0142126
242044,..),"!EARLY_STOP ("",",1.0018251
244920,>**,!EARLY_STOP 你,1.0028104
420,"=""",!EARLY_STOP 每,5.6053734
437,"(""",!EARLY_STOP 每,144.43703
482,(',!EARLY_STOP 每,2.137495
487,""",",!EARLY_STOP 每,1.0103842
504,"',",!EARLY_STOP 每,1.0025516
642,'],!EARLY_STOP [,1.0105659
659,[',!EARLY_STOP 每,1.1522733
679,($,"!EARLY_STOP $"",",9.047344
681,"),",!EARLY_STOP 你,1.0026276
731,""">",!EARLY_STOP 每,1.0087382
763,""":",!EARLY_STOP 每,1.0323359
837,'),"!EARLY_STOP ("",",1.0023792
871,""")",!EARLY_STOP 每,1.0040852
906,].,!EARLY_STOP [,1.0027478
1089,"],",!EARLY_STOP [,1.0013924
1095,=',!EARLY_STOP 每,1.0250359
1126,={,!EARLY_STOP 每,1.7603917
1143,"[""",!EARLY_STOP 每,255.58188
1149,".""",!EARLY_STOP 。,1.5426525
1170,':,!EARLY_STOP 每,1.0328782
1174,);,!EARLY_STOP [,1.2162588
1270,<?,!EARLY_STOP 每,2.6115608
1288,",""",!EARLY_STOP 每,1.300804
1293,"""]",!EARLY_STOP [,1.0096259
1385,._,!EARLY_STOP 每,1.0658013
1404,][,!EARLY_STOP 你,1.002404
1590,):,!EARLY_STOP 你,1.0473857
1721,><,!EARLY_STOP <,1.0186723
2031,(&,!EARLY_STOP 每,3.2793436
2037,"\""",!EARLY_STOP 每,3.064929
2069,"},",!EARLY_STOP {,1.0022537
2163,>(,!EARLY_STOP 每,1.0023285
2231,({,!EARLY_STOP 每,2.2076118
2299,)(,!EARLY_STOP 每,1.004504
2339,.$,"!EARLY_STOP $"",",1.0625594
2387,]),!EARLY_STOP [,1.0017169
2410,(_,!EARLY_STOP 每,21.059711
2477,([,!EARLY_STOP 每,1.2087444
2487,".,",!EARLY_STOP 。,1.0008934
2681,%%,!EARLY_STOP 每,1.0248704
2800,",'",!EARLY_STOP 每,1.005505
2879,":""",!EARLY_STOP 每,1.9716997
2918,"""""",!EARLY_STOP 每,1.0420198
3015,"""/",!EARLY_STOP 每,1.1190931
3058,.',!EARLY_STOP ',1.0117421
3085,=$,"!EARLY_STOP $"",",1.1188028
3158,""".",!EARLY_STOP 每,1.069043
3164,:(,!EARLY_STOP 每,1.0058441
3312,\\,!EARLY_STOP 每,1.005753
3332,[$,"!EARLY_STOP $"",",1.5762651
3337,[:,!EARLY_STOP 每,1.0084528
3360,(!,"!EARLY_STOP ("",",1.069333
3550,"@""",!EARLY_STOP 每,2.88148
3636,*),"[""*""]",1.0019848
3748,(:,!EARLY_STOP 每,1.1475852
3935,(*,!EARLY_STOP 你,1.117645
3944,(-,"!EARLY_STOP -"",",1.0493097
4282,'.,"!EARLY_STOP ."",",1.0243428
4324,}/,"!EARLY_STOP /"",",1.0031776
4391,=(,!EARLY_STOP 每,1.0466571
4456,'',!EARLY_STOP 每,1.0108228
4586,\/,"!EARLY_STOP /"",",1.0017657
4626,",$",!EARLY_STOP 每,1.1325144
4653,)*,!EARLY_STOP 你,1.0067
4678,]=,!EARLY_STOP 每,1.0011469
4727,:',!EARLY_STOP 每,1.0042129
4754,"{""",!EARLY_STOP 每,39.658886
4790,_.,"!EARLY_STOP _"",",1.0010763
4838,",-","!EARLY_STOP -"",",1.000583
4961,""";",!EARLY_STOP `,1.2094698
5007,"+""","!EARLY_STOP +"",",11.498028
5098,];,!EARLY_STOP [,1.1076366
5242,}),!EARLY_STOP {,1.0037072
5397,"""+",!EARLY_STOP 每,3.860012
5417,>',"!EARLY_STOP '"",",1.0077869
5431,\<,!EARLY_STOP <,1.1823905
5443,)/,!EARLY_STOP 每,1.0094253
5491,]:,!EARLY_STOP 每,1.005608
5608,>&,!EARLY_STOP &,1.1836281
5637,=[,!EARLY_STOP 每,1.094239
5771,(@,!EARLY_STOP 每,2.8208134
5908,){,!EARLY_STOP {,1.2490957
5946,.),"!EARLY_STOP ("",",1.0044546
6073,'>,!EARLY_STOP 大,1.0157852
6200,$_,"!EARLY_STOP _"",",1.0328315
6391,*(,!EARLY_STOP 每,1.0264682
6411,)[,!EARLY_STOP 你,1.0044806
6555,;;,!EARLY_STOP 你,1.1168107
6615,+',"!EARLY_STOP +"",",1.0064104
6663,"_,","!EARLY_STOP _"",",1.0007436
6750,';,"!EARLY_STOP '"",",1.3165288
6785,{$,True,-1
6889,.\,!EARLY_STOP 每,1.1663228
6964,:\,!EARLY_STOP 每,1.0246885
7025,)],!EARLY_STOP [,1.0034356
7030,)+,!EARLY_STOP 你,1.3885435
7032,:[,!EARLY_STOP 每,1.0044335
7060,)-,!EARLY_STOP [,1.0097322
7082,>{,!EARLY_STOP 每,1.0363964
7285,"?""",!EARLY_STOP 每,1.0521011
7297,:%,"!EARLY_STOP %"",",1.1217273
7334,]+,"!EARLY_STOP +"",",1.3492182
7368,[-,"!EARLY_STOP -"",",1.005353
7563,}.,!EARLY_STOP {,1.0043237
7598,=%,"!EARLY_STOP ="",",1.0136847
7625,.[,!EARLY_STOP 每,1.011476
7758,;&,!EARLY_STOP &,1.0165081
7759,#!,!EARLY_STOP 每,1.0007935
7762,-(,"!EARLY_STOP -"",",1.0108134
7813,">,",!EARLY_STOP 大,1.0003692
7876,'+,!EARLY_STOP 每,5.2855086
7908,#+,"!EARLY_STOP +"",",1.1058869
7933,",:",!EARLY_STOP 每,1.0032135
8017,'},"!EARLY_STOP '"",",1.0103232
8102,_(,!EARLY_STOP 每,1.0188118
8189,>\,!EARLY_STOP \,1.1159334
8205,]*,!EARLY_STOP 每,1.0053642
8263,$(,!EARLY_STOP 每,1.0070498
8687,"!""","!EARLY_STOP !"",",1.0230901
8866,)},!EARLY_STOP {,1.001541
8934,"""}",!EARLY_STOP {,1.0022719
8958,>),!EARLY_STOP <,1.0009321
9109,/{,!EARLY_STOP {,1.1631069
9409,[(,!EARLY_STOP 每,1.0090752
9477,]/,!EARLY_STOP [,1.0028484
9571,"}""",!EARLY_STOP {,1.1408594
9585,">""",!EARLY_STOP 每,1.9700781
9627,(/,!EARLY_STOP 每,1.0048298
9646,")""",!EARLY_STOP 每,2.5646622
9867,\',!EARLY_STOP \',1.0014927
9868,?),"!EARLY_STOP ("",",1.0014644
9991,!(,!EARLY_STOP 每,1.003028
10316,",,",!EARLY_STOP 每,1.0003779
10383,)\,!EARLY_STOP \,1.1076419
10433,/$,"!EARLY_STOP /"",",1.049234
10512,=-,"!EARLY_STOP ="",",1.0022082
10574,";""",!EARLY_STOP 每,1.1302704
10625,:-,"!EARLY_STOP -"",",1.0009363
10713,}\,!EARLY_STOP \,1.0245072
10738,};,!EARLY_STOP {,1.0758418
10746,-%,"!EARLY_STOP -"",",1.0315006
10899,"/""","!EARLY_STOP /"",",1.1599848
10988,/:,"!EARLY_STOP /"",",1.0026343
10997,/',"!EARLY_STOP /"",",1.0068489
11007,%),"!EARLY_STOP %"",",1.0023118
11189,(\,!EARLY_STOP 每,3.5044806
11325,}',"!EARLY_STOP '"",",1.0088274
11359,]-,!EARLY_STOP [,1.0012279
11393,)=,!EARLY_STOP 每,1.0012798
11504,)?,!EARLY_STOP 每,1.2927177
11536,",&",!EARLY_STOP &,1.0303388
11544,_[,!EARLY_STOP 每,1.0049024
11545,/(,"!EARLY_STOP /"",",1.0108224
11591,/.,"!EARLY_STOP /"",",1.0009181
11595,"""\",!EARLY_STOP 每,4.8729215
11877,:+,"!EARLY_STOP +"",",1.1405464
11961,"*,","!EARLY_STOP *"",",1.0024399
11973,[@,!EARLY_STOP 每,1.5227343
12187,:{,!EARLY_STOP 每,1.1328186
12249,.-,!EARLY_STOP 每,1.0046415
12259,"?,","!EARLY_STOP ?"",",1.0008395
12264,/%,"!EARLY_STOP /"",",1.0101758
12576,$.,"!EARLY_STOP $"",",1.0014825
12579,",(",!EARLY_STOP 每,1.002061
12631,*>,"!EARLY_STOP *"",",1.0381498
12883,^(,"[""^"", ""("", ""`"", ""每"", ""个"", ""字"", ""符"", ""是"", ""什"", ""么"", "","", ""以"", ""J"", ""S"", ""O"", ""N"", ""数"", ""组"", ""回"", ""复"", "")""]",1.008123
12966,#[,!EARLY_STOP 你,1.010908
12975,+(,!EARLY_STOP 每,1.009373
12997,"%,","!EARLY_STOP %"",",1.0002724
13107,[_,!EARLY_STOP 每,1.498118
13118,}>,!EARLY_STOP <,1.0083847
13151,<!,"[""<"", ""!"", ""d"", ""o"", ""c"", ""t"", ""y"", ""p"", ""e""]",1.005884
13215,{',"[""{"", ""每"", ""个"", ""字"", ""符"", ""是"", ""什"", ""么"", ""，"", ""以"", ""J"", ""S"", ""O"", ""N"", ""数"", ""组"", ""回"", ""复""]",1.0722173
13587,]},!EARLY_STOP {,1.0098089
13682,$$,!EARLY_STOP 每,1.4339222
13706,:#,"!EARLY_STOP #"",",1.1549819
13724,"""{",!EARLY_STOP 每,3.650178
13867,>.,!EARLY_STOP 大,1.0006415
13948,%.,"!EARLY_STOP %"",",1.0010833
13963,:/,"!EARLY_STOP /"",",1.0007857
14024,?(,!EARLY_STOP 每,1.0120533
14105,-.,"!EARLY_STOP -"",",1.0010911
14197,(.,"!EARLY_STOP ("",",1.0124841
14248,)&,!EARLY_STOP &,1.3491477
14343,!\,"!EARLY_STOP !"",",1.0745221
14451,:@,!EARLY_STOP 每,1.542711
14482,"'""",!EARLY_STOP 你,8.50937
14646,)$,!EARLY_STOP 你,1.1605221
14717,_{,!EARLY_STOP {,1.3291016
14728,}{,!EARLY_STOP 每,1.0430934
14794,(%,"!EARLY_STOP ("",",1.4148763
14918,!.,"!EARLY_STOP !"",",1.0006403
14923,]{,!EARLY_STOP 每,1.5022577
14964,+:,"!EARLY_STOP +"",",1.0078241
15183,.;,!EARLY_STOP 你,1.0927584
15294,.<,!EARLY_STOP <,1.3001689
15313,'\,!EARLY_STOP 每,1.151435
15330,"%""",!EARLY_STOP 每,1.1733581
15546,)>,!EARLY_STOP <,1.0018041
15623,}:,!EARLY_STOP {,1.0190035
15699,%;,!EARLY_STOP 每,1.0359834
15836,!),"!EARLY_STOP !"",",1.002332
15845,_),"!EARLY_STOP _"",",1.0044764
16390,+#,"!EARLY_STOP +"",",1.0743276
16478,:.,"!EARLY_STOP ."",",1.0013824
16535,$/,"!EARLY_STOP $"",",1.0094922
16638,"!,","!EARLY_STOP !"",",1.0003824
16749,",[",!EARLY_STOP 你,1.0032462
16995,",.",!EARLY_STOP 。,1.0005356
17233,/?,"!EARLY_STOP /"",",1.0105598
17347,;\,!EARLY_STOP 你,1.1012214
17399,)|,!EARLY_STOP |,1.6572461
17424,]\,!EARLY_STOP [,1.0222868
17566,>/,"!EARLY_STOP /"",",1.0016543
17650,",%","!EARLY_STOP %"",",1.1196038
17747,<',"[""<"", ""每"", ""个"", ""字"", ""符"", ""是"", ""什"", ""么"", "","", ""以"", ""J"", ""S"", ""O"", ""N"", ""数"", ""组"", ""回"", ""复""]",1.0050865
17878,.{,!EARLY_STOP 每,1.171706
17918,.:,!EARLY_STOP 每,1.1413159
18132,_%,"!EARLY_STOP _"",",1.0517094
18205,"_""",!EARLY_STOP 每,1.2366712
18261,\.,!EARLY_STOP \\,1.0003033
18597,"]""",!EARLY_STOP 每,1.1353022
18611,@@,"!EARLY_STOP @"",",1.1170874
18747,_',"!EARLY_STOP _"",",1.0056756
18853,>*,!EARLY_STOP 你,1.0022163
18854,}_,"!EARLY_STOP _"",",1.0492597
19032,/_,"!EARLY_STOP _"",",1.036782
19130,}-,"!EARLY_STOP -"",",1.0143962
19279,=?,"!EARLY_STOP ?"",",2.884995
19315,*.,"!EARLY_STOP *"",",1.0009378
19390,{-,!EARLY_STOP 每,1.0247889
19564,'/,"!EARLY_STOP /"",",1.0215241
19600,'^,!EARLY_STOP ^,2.580377
19610,?',"!EARLY_STOP ?"",",1.007037
19777,",_",!EARLY_STOP 每,1.2057396
19935,;/,"!EARLY_STOP /"",",1.0020574
19959,"""'",!EARLY_STOP 每,1.0176353
20266,=_,!EARLY_STOP 每,1.2856095
20733,-$,"!EARLY_STOP -"",",1.0535442
20815,+-,"!EARLY_STOP +"",",1.0006459
20864,'<,!EARLY_STOP <,3.4414878
20973,)',"!EARLY_STOP '"",",1.0077674
21031,:$,!EARLY_STOP $,1.1993728
21203,^^,True,-1
21357,:_,!EARLY_STOP 每,1.0739317
21729,(|,!EARLY_STOP 每,57.602448
21746,.%,"!EARLY_STOP %"",",1.0382652
21777,"""<",!EARLY_STOP <,7.27966
21813,-',"!EARLY_STOP -"",",1.0110059
22019,(<,!EARLY_STOP <,1.873625
22242,|\,"[""|"", ""每"", ""个"", ""字"", ""符"", ""是"", ""什"", ""么"", ""，"", ""以"", ""J"", ""S"", ""O"", ""N"", ""数"", ""组"", ""回"", ""复""]",1.0307992
22295,/<,!EARLY_STOP <,1.2133567
22458,_;,"!EARLY_STOP _"",",1.0365304
22487,_:,!EARLY_STOP 每,1.0225301
22562,=/,"!EARLY_STOP /"",",1.0057405
22849,>$,"!EARLY_STOP $"",",1.086782
22910,/-,"!EARLY_STOP /"",",1.0020989
23144,)%,"!EARLY_STOP %"",",1.5973524
23371,'{,!EARLY_STOP {,5.68419
23400,[/,!EARLY_STOP 每,1.0154608
23531,'-,"!EARLY_STOP -"",",1.0068605
23941,.],!EARLY_STOP [,1.0120285
23995,}&,!EARLY_STOP 每,1.0100974
24094,^\,!EARLY_STOP \,1.0710756
24317,[%,"[""["", ""`"", ""每"", ""个"", ""字"", ""符"", ""是"", ""什"", ""么"", ""，"", ""以"", ""J"", ""S"", ""O"", ""N"", ""数"", ""组"", ""回"", ""复"", ""]""]",1.0935736
24548,=&,!EARLY_STOP &,1.0465109
24634,}],!EARLY_STOP {,1.0846478
24734,}(,!EARLY_STOP 每,1.0183936
24857,;$,"!EARLY_STOP $"",",1.1129181
25101,)_,"!EARLY_STOP _"",",1.9496449
25153,?!,"!EARLY_STOP !"",",1.0012563
25223,[\,!EARLY_STOP 每,1.1757467
25427,",\",!EARLY_STOP 你,1.08895
25587,)<,!EARLY_STOP <,1.0904418
25711,/#,!EARLY_STOP 每,1.008178
25961,>:,!EARLY_STOP 每,1.0052751
26360,%',"!EARLY_STOP %"",",1.0038776
26754,"-""",!EARLY_STOP 每,1.3601089
26837,^[,!EARLY_STOP 每,1.0020907
26933,",{",!EARLY_STOP 每,1.0892154
26972,&#,"[""&"", ""#"", ""`""]",1.13264
27101,",*",!EARLY_STOP 你,1.001747
27365,:],!EARLY_STOP [,1.0010866
27559,:),"!EARLY_STOP ("",",1.0010139
27767,<(,"[""<"", ""("", ""`"", ""每"", ""个"", ""字"", ""符"", ""是"", ""什"", ""么"", "","", ""以"", ""J"", ""S"", ""O"", ""N"", ""数"", ""组"", ""回"", ""复"", "")""]",1.0026947
27799,>%,"!EARLY_STOP %"",",1.0363445
28254,"""(",!EARLY_STOP 每,1.6041726
28715,]|,!EARLY_STOP 每,1.570557
28803,)^,"!EARLY_STOP ("",",2.1541064
29048,;},!EARLY_STOP {,1.0056983
29495,=:,"!EARLY_STOP ="",",1.0189306
29533,-\,"!EARLY_STOP -"",",1.082943
29650,]',"!EARLY_STOP '"",",1.0059052
29762,>[,!EARLY_STOP [,1.006205
30095,",@","!EARLY_STOP @"",",1.1214001
30226,:<,!EARLY_STOP <,1.0793713
30351,!',"!EARLY_STOP !"",",1.0034579
30359,"""%",!EARLY_STOP %,3.7564945
30624,"&,","[""&"", "","", ""每"", ""个"", ""字"", ""符"", ""是"", ""什"", ""么"", ""，"", ""以"", ""J"", ""S"", ""O"", ""N"", ""数"", ""组"", ""回"", ""复""]",1.0002263
30675,}$,!EARLY_STOP 你,1.2303534
30678,+$,"!EARLY_STOP +"",",1.030899
31329,<_,"[""<"", ""_"", ""`""]",1.6498721
31541,?\,"!EARLY_STOP ?"",",1.0336654
31650,(#,"!EARLY_STOP #"",",1.4548593
32191,(?,"!EARLY_STOP ("",",1.0663866
32373,&),"[""&"", ""e"", ""a"", ""c"", ""h"", "" "", ""c"", ""h"", ""a"", ""r"", "" "", ""i"", ""s"", "" "", ""w"", ""h"", ""a"", ""t"", ""f"", ""u"", ""n""]",1.0009602
32562,=@,"!EARLY_STOP @"",",1.2235011
32615,"""$",!EARLY_STOP $,2.6048925
32691,(^,"!EARLY_STOP ("",",1.1872844
32717,[*,!EARLY_STOP 每,1.0054106
33010,]<,!EARLY_STOP <,1.0139983
33159,"""-",!EARLY_STOP 每,1.1154265
33182,/\,"!EARLY_STOP /"",",1.0335574
33278,_$,"!EARLY_STOP _"",",1.1106317
33289,=\,!EARLY_STOP 每,2.2390866
33400,"/,","!EARLY_STOP /"",",1.0021161
33898,;<,!EARLY_STOP <,1.0270563
33928,"""_",!EARLY_STOP 每,2.589318
34052,:&,!EARLY_STOP &,1.0311526
34224,_|,!EARLY_STOP 每,1.1803353
34398,!:,"!EARLY_STOP !"",",1.0089998
34521,{\,!EARLY_STOP 每,1.5451152
34697,<$,True,-1
34801,;',"!EARLY_STOP '"",",1.0029783
34970,'%,"!EARLY_STOP %"",",2.6166668
34978,;),"!EARLY_STOP ("",",1.0020088
35000,+),"!EARLY_STOP +"",",1.0038546
35313,"-,","!EARLY_STOP -"",",1.001094
35559,'_,"!EARLY_STOP _"",",4.224129
35643,"""[",!EARLY_STOP 每,3.572713
36038,"[,","[""["", "","", ""`"", ""每"", ""个"", ""字"", ""符"", ""是"", ""什"", ""么"", "","", ""以"", ""J"", ""S"", ""O"", ""N"", ""数"", ""组"", ""回"", ""复"", ""`"", ""]""]",1.0137033
36681,:^,!EARLY_STOP ^,1.0624765
37128,;%,"!EARLY_STOP %"",",1.0410527
37311,<{,"[""<"", ""{"", ""`"", ""每"", ""个"", ""字"", ""符"", ""是"", ""什"", ""么"", ""，"", ""以"", ""J"", ""S"", ""O"", ""N"", ""数"", ""组"", ""回"", ""复"", ""`"", ""}"", "">""]",1.2637647
37361,>-,"!EARLY_STOP -"",",1.0080227
37380,/@,"!EARLY_STOP /"",",1.2403862
37416,=<,!EARLY_STOP <,1.4758899
37529,[^,"[""["", ""`"", ""每"", ""个"", ""字"", ""符"", ""是"", ""什"", ""么"", "","", ""以"", ""J"", ""S"", ""O"", ""N"", ""数"", ""组"", ""回"", ""复""]",2.3427563
37611,",#","!EARLY_STOP #"",",1.0277088
37726,*$,"!EARLY_STOP *"",",1.0809456
38011,_-,"!EARLY_STOP _"",",1.0012044
38091,^.,"[""^"", ""."", ""`""]",1.0022783
38828,@[,!EARLY_STOP 每,1.043035
39291,+/,"!EARLY_STOP +"",",1.0068779
39587,(+,"!EARLY_STOP +"",",3.1888409
39641,-[,!EARLY_STOP 每,1.0083141
39876,":,",!EARLY_STOP 每,1.0003792
39931,)!,"!EARLY_STOP !"",",1.0026371
40337,+\,"!EARLY_STOP +"",",1.0258509
40365,_<,!EARLY_STOP 每,1.0322384
41554,%-,"!EARLY_STOP -"",",1.0048456
41813,'*,!EARLY_STOP *,1.0237939
41833,.^,!EARLY_STOP 每,1.0711399
41895,.#,"!EARLY_STOP #"",",1.1321548
41951,)#,"!EARLY_STOP #"",",1.1002882
41955,}[,!EARLY_STOP [,1.0095161
42268,}%,"!EARLY_STOP %"",",1.3957883
42418,"""?",!EARLY_STOP 每,2.9806242
42821,\(,!EARLY_STOP 每,1.0309061
43032,/[,!EARLY_STOP 每,1.019403
43181,"+,","!EARLY_STOP +"",",1.0006416
43219,'$,!EARLY_STOP 每,5.2460685
43409,-*,!EARLY_STOP 每,1.0043885
43486,{:,"[""{"", "":"", ""`"", ""每"", ""个"", ""字"", ""符"", ""是"", ""什"", ""么"", ""，"", ""以"", ""J"", ""S"", ""O"", ""N"", ""数"", ""组"", ""回"", ""复"", ""}""]",1.0115544
43625,=#,"!EARLY_STOP #"",",1.8137735
44272,_*,"!EARLY_STOP _"",",1.0032486
44370,%^,!EARLY_STOP ^,1.3954079
44401,=.,"!EARLY_STOP ="",",1.0016131
44484,",)","!EARLY_STOP ("",",1.0004339
44548,_=,"!EARLY_STOP _"",",1.0006447
44576,{|,!EARLY_STOP 每,1.3463801
44588,*\,!EARLY_STOP 每,1.0221894
44768,?$,"!EARLY_STOP $"",",1.0195101
45991,"|""",!EARLY_STOP 每,2.1976018
46000,>?,"!EARLY_STOP ?"",",1.0887355
46227,^{,!EARLY_STOP 每,2.7294662
46474,#$,"!EARLY_STOP $"",",1.0604287
46479,#:,!EARLY_STOP 每,1.0024807
47283,+.,"!EARLY_STOP +"",",1.0014534
47651,^-,"!EARLY_STOP -"",",1.0021654
48282,]?,"!EARLY_STOP ?"",",1.5963649
48606,_/,"!EARLY_STOP _"",",1.0034387
48652,\-,"!EARLY_STOP -"",",1.0054694
49097,/),"!EARLY_STOP /"",",1.0012604
49143,|-,"[""|"", ""-"", ""每"", ""个"", ""字"", ""符"", ""是"", ""什"", ""么"", ""，"", ""以"", ""J"", ""S"", ""O"", ""N"", ""数"", ""组"", ""回"", ""复""]",1.0128161
49463,}=,!EARLY_STOP 每,1.0046916
49819,>@,"!EARLY_STOP @"",",1.5035096
50289,>},!EARLY_STOP {,1.0004683
50358,[{,!EARLY_STOP 每,1.2844727
50490,<&,True,-1
50636,}|,!EARLY_STOP |,2.7134252
50640,}?,!EARLY_STOP 每,1.7852613
50857,&(,"[""&"", ""("", ""`""]",1.0069008
51590,%/,"!EARLY_STOP /"",",1.0045718
51595,:*,!EARLY_STOP 每,1.0048735
51733,>],!EARLY_STOP [,1.0021077
52456,*[,!EARLY_STOP [,1.0084183
52608,;-,"!EARLY_STOP -"",",1.0045356
53031,"$,",!EARLY_STOP 你,1.0013728
53078,(;,!EARLY_STOP 每,2.5181172
53678,"#""",!EARLY_STOP 每,1.8829083
54030,*_,!EARLY_STOP 每,1.0229936
54031,+],"!EARLY_STOP +"",",1.017278
54068,#=,!EARLY_STOP 每,1.0010663
54132,_\,!EARLY_STOP 每,1.0539025
54379,.|,!EARLY_STOP 每,1.3298736
55468,!?,"!EARLY_STOP !"",",1.0623324
55742,"""#","!EARLY_STOP #"",",7.7705216
55775,;(,!EARLY_STOP 你,1.0245683
55821,\),!EARLY_STOP 你,1.001385
56374,'(,!EARLY_STOP 每,1.0779239
56490,.@,"!EARLY_STOP @"",",1.7290399
56749,$\,!EARLY_STOP 每,1.6234889
57151,.+,!EARLY_STOP 每,1.0416843
57218,{@,"[""{"", ""@"", ""`""]",1.5187455
57398,@(,!EARLY_STOP 每,1.0177482
57554,?=,"!EARLY_STOP ?"",",1.0015517
57990,|(,!EARLY_STOP 每,1.0186335
58251,'=,"!EARLY_STOP ="",",1.0055379
58716,?[,!EARLY_STOP 每,1.0043133
58730,"#,","!EARLY_STOP #"",",1.000621
59066,>#,"!EARLY_STOP #"",",1.17911
59278,.!,"!EARLY_STOP !"",",1.0062606
59514,"""*",!EARLY_STOP 每,1.0329176
59571,/+,"!EARLY_STOP /"",",1.0168209
59907,-),"!EARLY_STOP -"",",1.0032007
59968,@$,"!EARLY_STOP @"",",1.2253832
60142,]&,!EARLY_STOP &,1.1016167
60439,$:,!EARLY_STOP 每,1.0054998
61209,-{,!EARLY_STOP 每,1.3791631
61310,",+",!EARLY_STOP 你,1.0535179
61946,"*""",!EARLY_STOP 每,2.581601
62842,\$,"!EARLY_STOP $"",",1.1765201
63155,.&,!EARLY_STOP &,1.0193837
63576,>;,!EARLY_STOP <,1.0224373
63697,\:,!EARLY_STOP 每,1.0011352
63868,*&,"!EARLY_STOP *"",",1.0349985
63882,-/,"!EARLY_STOP -"",",1.0017483
64102,@\,"!EARLY_STOP @"",",1.0709682
64127,{%,"[""{"", ""%"", ""`"", ""每"", ""个"", ""字"", ""符"", ""是"", ""什"", ""么"", ""，"", ""以"", ""J"", ""S"", ""O"", ""N"", ""数"", ""组"", ""回"", ""复""]",1.1407374
64491,<[,"[""<"", ""["", ""`"", ""每"", ""个"", ""字"", ""符"", ""是"", ""什"", ""么"", "","", ""以"", ""J"", ""S"", ""O"", ""N"", ""数"", ""组"", ""回"", ""复"", ""`"", ""]"", "">""]",1.0012733
64635,'[,!EARLY_STOP 每,1.3752743
64918,"""&",!EARLY_STOP &,1.3721185
64948,[#,"!EARLY_STOP #"",",1.5840425
65010,_^,"!EARLY_STOP _"",",2.0447907
65396,{/,True,-1
65430,-&,"!EARLY_STOP -"",",1.0285442
65621,>_,!EARLY_STOP 大,1.1258072
65737,!],"!EARLY_STOP !"",",1.0128672
65915,!*,"!EARLY_STOP !"",",1.0024558
66524,]%,!EARLY_STOP [,1.058411
66975,",<",!EARLY_STOP <,1.2071962
67115,#/,True,-1
67257,%\,"!EARLY_STOP %"",",1.0420555
67373,+[,!EARLY_STOP [,1.0167998
67479,>|,!EARLY_STOP |,1.2593945
67619,'?,!EARLY_STOP ?,1.2792194
67677,-_,"!EARLY_STOP -"",",1.0429167
68395,}<,!EARLY_STOP <,1.1185266
68430,'|,!EARLY_STOP |,6.200172
68464,/^,!EARLY_STOP ^,1.2740903
68495,=*,!EARLY_STOP *,1.0023781
69124,";,",!EARLY_STOP 你,1.0007021
69407,'#,"!EARLY_STOP #"",",5.0508475
70496,*-,!EARLY_STOP 每,1.0102302
71460,/],!EARLY_STOP [,1.0047194
72110,=!,"!EARLY_STOP !"",",1.0014727
72181,|[,!EARLY_STOP 每,1.0069854
72280,_],!EARLY_STOP [,1.026641
72840,?<,!EARLY_STOP <,1.100657
73150,\_,!EARLY_STOP 每,1.0880502
73858,:?,"!EARLY_STOP ?"",",1.2044511
74137,?-,"!EARLY_STOP ?"",",1.0102832
74177,",!","!EARLY_STOP !"",",1.0025551
74773,=},!EARLY_STOP {,1.0011495
75370,\[,!EARLY_STOP [,1.0021286
76006,;.,"!EARLY_STOP ."",",1.0006064
76128,<*,"[""<"", ""*"", ""`"", ""每"", ""个"", ""字"", ""符"", ""是"", ""什"", ""么"", ""，"", ""以"", ""J"", ""S"", ""O"", ""N"", ""数"", ""组"", ""回"", ""复""]",1.0045364
76716,|#,"[""|"", ""#"", ""每"", ""个"", ""字"", ""符"", ""是"", ""什"", ""么"", ""，"", ""以"", ""J"", ""S"", ""O"", ""N"", ""数"", ""组"", ""回"", ""复""]",1.1672667
77292,|$,True,-1
77340,*:,!EARLY_STOP 每,1.0054228
77402,|%,True,-1
77942,}@,"!EARLY_STOP @"",",1.8757874
78603,.?,"!EARLY_STOP ?"",",1.056303
79239,#@,"!EARLY_STOP #"",",1.0479801
80496,/&,!EARLY_STOP &,1.0450528
80776,"""|",!EARLY_STOP 每,9.47908
81087,+%,"!EARLY_STOP +"",",1.0296527
81218,%@,"!EARLY_STOP %"",",1.0413101
81395,*@,"!EARLY_STOP *"",",1.1393418
81705,|.,"[""|"", ""."", ""每"", ""个"", ""字"", ""符"", ""是"", ""什"", ""么"", ""，"", ""以"", ""J"", ""S"", ""O"", ""N"", ""数"", ""组"", ""回"", ""复""]",1.0008825
82112,&_,True,-1
83501,"""^",!EARLY_STOP ^,4.8129854
83932,!<,!EARLY_STOP <,1.0499016
84634,{_,"[""{"", ""_"", ""`"", ""每"", ""个"", ""字"", ""符"", ""是"", ""什"", ""么"", "","", ""以"", ""J"", ""S"", ""O"", ""N"", ""数"", ""组"", ""回"", ""复""]",1.6059712
84658,",/","!EARLY_STOP /"",",1.0026735
84818,#.,"!EARLY_STOP #"",",1.0007658
84948,!/,"!EARLY_STOP !"",",1.0095432
85050,#\,"!EARLY_STOP #"",",1.0660387
86343,%!,"!EARLY_STOP !"",",1.0010713
87197,]^,!EARLY_STOP [,1.416524
88110,*',"!EARLY_STOP *"",",1.0058209
88827,"$""","[""$"", ""`""]",1.7000501
89617,}*,"!EARLY_STOP *"",",1.0100951
89768,?],"!EARLY_STOP ?"",",1.009462
90931,#',!EARLY_STOP 每,1.0121424
91027,]$,!EARLY_STOP [,1.1398932
92034,>+,"!EARLY_STOP +"",",2.5040503
92743,{(,!EARLY_STOP 每,1.0072434
92852,:>,"!EARLY_STOP >"",",1.0043898
92943,"""@",!EARLY_STOP @,3.2940474
93409,|^,"[""|"", ""每"", ""个"", ""字"", ""符"", ""是"", ""什"", ""么"", ""，"", ""以"", ""J"", ""S"", ""O"", ""N"", ""数"", ""组"", ""回"", ""复""]",1.1848919
94081,+_,"!EARLY_STOP +"",",1.0203127
94431,{*,"[""{"", ""*"", ""`"", ""每"", ""个"", ""字"", ""符"", ""是"", ""什"", ""么"", ""，"", ""以"", ""J"", ""S"", ""O"", ""N"", ""数"", ""组"", ""回"", ""复"", ""}"", ""*""]",1.040254
94927,:!,"!EARLY_STOP !"",",1.0005772
94979,_>,!EARLY_STOP 每,1.004901
95070,;!,"!EARLY_STOP !"",",1.0024202
95103,"<""","[""<"", ""e"", ""a"", ""c"", ""h"", "" "", ""c"", ""h"", ""a"", ""r"", ""a"", ""c"", ""t"", ""e"", ""r"", "" "", ""i"", ""s"", "" "", ""w"", ""h"", ""a"", ""t"", "" "", ""i"", ""n"", "" "", ""J"", ""S"", ""O"", ""N"", "" "", ""a"", ""r"", ""r"", ""a"", ""y"", "" "", ""r"", ""e"", ""p"", ""l"", ""y""]",1.295517
174548,?*,"!EARLY_STOP ?"",",1.0031139
207103,;*,!EARLY_STOP 你,1.0040524
220921,"""!","!EARLY_STOP !"",",1.0142853
222266,^),"[""^"", ""每"", ""个"", ""字"", ""符"", ""是"", ""什"", ""么"", ""，"", ""以"", ""J"", ""S"", ""O"", ""N"", ""数"", ""组"", ""回"", ""复""]",1.0021003
243343,*;,"!EARLY_STOP *"",",1.0299286
